<?xml version="1.0"?>
<Lots><Subdivision><Subdivision>Candler Hills West</Subdivision><Phase><AlphavisionSitePlan>Stonebridge</AlphavisionSitePlan><PhaseName>Stonebridge Phase 1</PhaseName><Lot><Block>000</Block><Lot>001</Lot><LotStatus>Sold</LotStatus><LotPremium>20000.00</LotPremium><GarageOrientationID>305832</GarageOrientationID><AllowedPlans><PlanName>Juliana</PlanName><PhasePlanPrice>209990.00</PhasePlanPrice><MasterPlanID>6631</MasterPlanID></AllowedPlans><AllowedPlans><PlanName>Cromwell</PlanName><PhasePlanPrice>237990.00</PhasePlanPrice><MasterPlanID>6629</MasterPlanID></AllowedPlans><AllowedPlans><PlanName>Aberdeen</PlanName><PhasePlanPrice>313990.00</PhasePlanPrice><MasterPlanID>6633</MasterPlanID></AllowedPlans><AllowedPlans><PlanName>Glasgow</PlanName><PhasePlanPrice>288990.00</PhasePlanPrice><MasterPlanID>6610</MasterPlanID></AllowedPlans><AllowedPlans><PlanName>Northampton</PlanName><PhasePlanPrice>298990.00</PhasePlanPrice><MasterPlanID>6637</MasterPlanID></AllowedPlans><AllowedPlans><PlanName>Wellington</PlanName><PhasePlanPrice>288990.00</PhasePlanPrice><MasterPlanID>6636</MasterPlanID></AllowedPlans><AllowedPlans><PlanName>Brighton</PlanName><PhasePlanPrice>256990.00</PhasePlanPrice><MasterPlanID>6635</MasterPlanID></AllowedPlans><AllowedPlans><PlanName>Arlington</PlanName><PhasePlanPrice>278990.00</PhasePlanPrice><MasterPlanID>6634</MasterPlanID></AllowedPlans><AllowedPlans><PlanName>Kent</PlanName><PhasePlanPrice>185990.00</PhasePlanPrice><MasterPlanID>6630</MasterPlanID></AllowedPlans></Lot></Phase></Subdivision><Subdivision><Subdivision>Indigo East</Subdivision><Phase><AlphavisionSitePlan>Indigo East</AlphavisionSitePlan><PhaseName>Block A(34-75)</PhaseName><Lot><Block>A</Block><Lot>48</Lot><LotStatus>Spec</LotStatus><LotPremium>20000.00</LotPremium><GarageOrientationID>279540</GarageOrientationID><AllowedPlans><PlanName>Wisteria 2128</PlanName><PhasePlanPrice>203990.00</PhasePlanPrice><MasterPlanID>6625</MasterPlanID></AllowedPlans><AllowedPlans><PlanName>Wakefield</PlanName><PhasePlanPrice>20445
0.00</PhasePlanPrice><MasterPlanID>5594</MasterPlanID></AllowedPlans><AllowedPlans><PlanName>Aster 1500</PlanName><PhasePlanPrice>160990.00</PhasePlanPrice><MasterPlanID>6621</MasterPlanID></AllowedPlans><AllowedPlans><PlanName>Ginger 1746</PlanName><PhasePlanPrice>174990.00</PhasePlanPrice><MasterPlanID>6622</MasterPlanID></AllowedPlans><AllowedPlans><PlanName>Orchid 1870</PlanName><PhasePlanPrice>181990.00</PhasePlanPrice><MasterPlanID>6623</MasterPlanID></AllowedPlans><AllowedPlans><PlanName>Sunflower 1946</PlanName><PhasePlanPrice>191990.00</PhasePlanPrice><MasterPlanID>6624</MasterPlanID></AllowedPlans></Lot><Lot><Block>A</Block><Lot>73</Lot><LotStatus>Sold</LotStatus><LotPremium>2500.00</LotPremium><GarageOrientationID>279539</GarageOrientationID><AllowedPlans><PlanName>Sunflower 1946</PlanName><PhasePlanPrice>191990.00</PhasePlanPrice><MasterPlanID>6624</MasterPlanID></AllowedPlans><AllowedPlans><PlanName>Orchid 1870</PlanName><PhasePlanPrice>181990.00</PhasePlanPrice><MasterPlanID>6623</MasterPlanID></AllowedPlans><AllowedPlans><PlanName>Ginger 1746</PlanName><PhasePlanPrice>174990.00</PhasePlanPrice><MasterPlanID>6622</MasterPlanID></AllowedPlans><AllowedPlans><PlanName>Aster 1500</PlanName><PhasePlanPrice>160990.00</PhasePlanPrice><MasterPlanID>6621</MasterPlanID></AllowedPlans><AllowedPlans><PlanName>Wakefield</PlanName><PhasePlanPrice>204450.00</PhasePlanPrice><MasterPlanID>5594</MasterPlanID></AllowedPlans><AllowedPlans><PlanName>Wisteria 2128</PlanName><PhasePlanPrice>203990.00</PhasePlanPrice><MasterPlanID>6625</MasterPlanID></AllowedPlans></Lot><Lot><Block>E</Block><Lot>03</Lot><LotStatus>Sold</LotStatus><LotPremium>0.00</LotPremium><GarageOrientationID>279539</GarageOrientationID><AllowedPlans><PlanName>Wisteria 2128</PlanName><PhasePlanPrice>203990.00</PhasePlanPrice><MasterPlanID>6625</MasterPlanID></AllowedPlans><AllowedPlans><PlanName>Wakefield</PlanName><PhasePlanPrice>204450.00</PhasePlanPrice><MasterPlanID>5594</MasterPlanID></AllowedPlans><AllowedPlans><PlanName>Aster 1500<
/PlanName><PhasePlanPrice>160990.00</PhasePlanPrice><MasterPlanID>6621</MasterPlanID></AllowedPlans><AllowedPlans><PlanName>Ginger 1746</PlanName><PhasePlanPrice>174990.00</PhasePlanPrice><MasterPlanID>6622</MasterPlanID></AllowedPlans><AllowedPlans><PlanName>Orchid 1870</PlanName><PhasePlanPrice>181990.00</PhasePlanPrice><MasterPlanID>6623</MasterPlanID></AllowedPlans><AllowedPlans><PlanName>Sunflower 1946</PlanName><PhasePlanPrice>191990.00</PhasePlanPrice><MasterPlanID>6624</MasterPlanID></AllowedPlans></Lot><Lot><Block>E</Block><Lot>16</Lot><LotStatus>Sold</LotStatus><LotPremium>7500.00</LotPremium><GarageOrientationID>279539</GarageOrientationID><AllowedPlans><PlanName>Sunflower 1946</PlanName><PhasePlanPrice>191990.00</PhasePlanPrice><MasterPlanID>6624</MasterPlanID></AllowedPlans><AllowedPlans><PlanName>Orchid 1870</PlanName><PhasePlanPrice>181990.00</PhasePlanPrice><MasterPlanID>6623</MasterPlanID></AllowedPlans><AllowedPlans><PlanName>Ginger 1746</PlanName><PhasePlanPrice>174990.00</PhasePlanPrice><MasterPlanID>6622</MasterPlanID></AllowedPlans><AllowedPlans><PlanName>Aster 1500</PlanName><PhasePlanPrice>160990.00</PhasePlanPrice><MasterPlanID>6621</MasterPlanID></AllowedPlans><AllowedPlans><PlanName>Wakefield</PlanName><PhasePlanPrice>204450.00</PhasePlanPrice><MasterPlanID>5594</MasterPlanID></AllowedPlans><AllowedPlans><PlanName>Wisteria 2128</PlanName><PhasePlanPrice>203990.00</PhasePlanPrice><MasterPlanID>6625</MasterPlanID></AllowedPlans></Lot><Lot><Block>E</Block><Lot>17</Lot><LotStatus>Sold</LotStatus><LotPremium>7500.00</LotPremium><GarageOrientationID>279540</GarageOrientationID><AllowedPlans><PlanName>Wisteria 2128</PlanName><PhasePlanPrice>203990.00</PhasePlanPrice><MasterPlanID>6625</MasterPlanID></AllowedPlans><AllowedPlans><PlanName>Wakefield</PlanName><PhasePlanPrice>204450.00</PhasePlanPrice><MasterPlanID>5594</MasterPlanID></AllowedPlans><AllowedPlans><PlanName>Aster 1500</PlanName><PhasePlanPrice>160990.00</PhasePlanPrice><MasterPlanID>6621</MasterPlanID></AllowedPlans><
AllowedPlans><PlanName>Ginger 1746</PlanName><PhasePlanPrice>174990.00</PhasePlanPrice><MasterPlanID>6622</MasterPlanID></AllowedPlans><AllowedPlans><PlanName>Orchid 1870</PlanName><PhasePlanPrice>181990.00</PhasePlanPrice><MasterPlanID>6623</MasterPlanID></AllowedPlans><AllowedPlans><PlanName>Sunflower 1946</PlanName><PhasePlanPrice>191990.00</PhasePlanPrice><MasterPlanID>6624</MasterPlanID></AllowedPlans></Lot></Phase></Subdivision><Subdivision><Subdivision>Providence Area 1</Subdivision><Phase><AlphavisionSitePlan>Providence</AlphavisionSitePlan><PhaseName>Lots 1-50</PhaseName><Lot><Block>0</Block><Lot>005</Lot><LotStatus>Sold</LotStatus><LotPremium>35000.00</LotPremium><GarageOrientationID>305192</GarageOrientationID><AllowedPlans><PlanName>Phillipe</PlanName><PhasePlanPrice>214990.00</PhasePlanPrice><MasterPlanID>6632</MasterPlanID></AllowedPlans><AllowedPlans><PlanName>Kent</PlanName><PhasePlanPrice>185990.00</PhasePlanPrice><MasterPlanID>6630</MasterPlanID></AllowedPlans><AllowedPlans><PlanName>Juliana</PlanName><PhasePlanPrice>209990.00</PhasePlanPrice><MasterPlanID>6631</MasterPlanID></AllowedPlans><AllowedPlans><PlanName>Aragon</PlanName><PhasePlanPrice>217990.00</PhasePlanPrice><MasterPlanID>6628</MasterPlanID></AllowedPlans><AllowedPlans><PlanName>Cromwell</PlanName><PhasePlanPrice>237990.00</PhasePlanPrice><MasterPlanID>6629</MasterPlanID></AllowedPlans><AllowedPlans><PlanName>Margriet</PlanName><PhasePlanPrice>176990.00</PhasePlanPrice><MasterPlanID>6615</MasterPlanID></AllowedPlans><AllowedPlans><PlanName>Sharit</PlanName><PhasePlanPrice>204990.00</PhasePlanPrice><MasterPlanID>6616</MasterPlanID></AllowedPlans><AllowedPlans><PlanName>Yvette</PlanName><PhasePlanPrice>202990.00</PhasePlanPrice><MasterPlanID>6617</MasterPlanID></AllowedPlans><AllowedPlans><PlanName>Ariana</PlanName><PhasePlanPrice>212990.00</PhasePlanPrice><MasterPlanID>6618</MasterPlanID></AllowedPlans><AllowedPlans><PlanName>Beatrix</PlanName><PhasePlanPrice>236990.00</PhasePlanPrice><MasterPlanID>6619</MasterPlanID><
/AllowedPlans><AllowedPlans><PlanName>Willem</PlanName><PhasePlanPrice>257990.00</PhasePlanPrice><MasterPlanID>6620</MasterPlanID></AllowedPlans></Lot></Phase><Phase><AlphavisionSitePlan>Providence</AlphavisionSitePlan><PhaseName>Lots 83-103</PhaseName><Lot><Block>000</Block><Lot>086</Lot><LotStatus>Sold</LotStatus><LotPremium>2500.00</LotPremium><GarageOrientationID>305191</GarageOrientationID><AllowedPlans><PlanName>Cromwell</PlanName><PhasePlanPrice>237990.00</PhasePlanPrice><MasterPlanID>6629</MasterPlanID></AllowedPlans><AllowedPlans><PlanName>Aragon</PlanName><PhasePlanPrice>217990.00</PhasePlanPrice><MasterPlanID>6628</MasterPlanID></AllowedPlans><AllowedPlans><PlanName>Juliana</PlanName><PhasePlanPrice>209990.00</PhasePlanPrice><MasterPlanID>6631</MasterPlanID></AllowedPlans><AllowedPlans><PlanName>Kent</PlanName><PhasePlanPrice>185990.00</PhasePlanPrice><MasterPlanID>6630</MasterPlanID></AllowedPlans><AllowedPlans><PlanName>Phillipe</PlanName><PhasePlanPrice>214990.00</PhasePlanPrice><MasterPlanID>6632</MasterPlanID></AllowedPlans><AllowedPlans><PlanName>Margriet</PlanName><PhasePlanPrice>176990.00</PhasePlanPrice><MasterPlanID>6615</MasterPlanID></AllowedPlans><AllowedPlans><PlanName>Sharit</PlanName><PhasePlanPrice>204990.00</PhasePlanPrice><MasterPlanID>6616</MasterPlanID></AllowedPlans><AllowedPlans><PlanName>Yvette</PlanName><PhasePlanPrice>202990.00</PhasePlanPrice><MasterPlanID>6617</MasterPlanID></AllowedPlans><AllowedPlans><PlanName>Ariana</PlanName><PhasePlanPrice>212990.00</PhasePlanPrice><MasterPlanID>6618</MasterPlanID></AllowedPlans></Lot></Phase></Subdivision><Subdivision><Subdivision>Windsor</Subdivision><Phase><AlphavisionSitePlan>Windsor West</AlphavisionSitePlan><PhaseName>West Phase 1</PhaseName><Lot><Block>000</Block><Lot>010</Lot><LotStatus>Sold</LotStatus><LotPremium>30000.00</LotPremium><GarageOrientationID>279443</GarageOrientationID><AllowedPlans><PlanName>Phillipe</PlanName><PhasePlanPrice>214990.00</PhasePlanPrice><MasterPlanID>6632</MasterPlanID></AllowedPlans>
<AllowedPlans><PlanName>Kent</PlanName><PhasePlanPrice>185990.00</PhasePlanPrice><MasterPlanID>6630</MasterPlanID></AllowedPlans><AllowedPlans><PlanName>Juliana</PlanName><PhasePlanPrice>209990.00</PhasePlanPrice><MasterPlanID>6631</MasterPlanID></AllowedPlans><AllowedPlans><PlanName>Margriet</PlanName><PhasePlanPrice>176990.00</PhasePlanPrice><MasterPlanID>6615</MasterPlanID></AllowedPlans><AllowedPlans><PlanName>Ariana</PlanName><PhasePlanPrice>212990.00</PhasePlanPrice><MasterPlanID>6618</MasterPlanID></AllowedPlans><AllowedPlans><PlanName>Sharit</PlanName><PhasePlanPrice>204990.00</PhasePlanPrice><MasterPlanID>6616</MasterPlanID></AllowedPlans><AllowedPlans><PlanName>Yvette</PlanName><PhasePlanPrice>202990.00</PhasePlanPrice><MasterPlanID>6617</MasterPlanID></AllowedPlans><AllowedPlans><PlanName>Aragon</PlanName><PhasePlanPrice>217990.00</PhasePlanPrice><MasterPlanID>6628</MasterPlanID></AllowedPlans><AllowedPlans><PlanName>Cromwell</PlanName><PhasePlanPrice>237990.00</PhasePlanPrice><MasterPlanID>6629</MasterPlanID></AllowedPlans></Lot><Lot><Block>000</Block><Lot>065</Lot><LotStatus>Closed</LotStatus><LotPremium>30000.00</LotPremium><GarageOrientationID>279442</GarageOrientationID><AllowedPlans><PlanName>Cromwell</PlanName><PhasePlanPrice>237990.00</PhasePlanPrice><MasterPlanID>6629</MasterPlanID></AllowedPlans><AllowedPlans><PlanName>Aragon</PlanName><PhasePlanPrice>217990.00</PhasePlanPrice><MasterPlanID>6628</MasterPlanID></AllowedPlans><AllowedPlans><PlanName>Yvette</PlanName><PhasePlanPrice>202990.00</PhasePlanPrice><MasterPlanID>6617</MasterPlanID></AllowedPlans><AllowedPlans><PlanName>Sharit</PlanName><PhasePlanPrice>204990.00</PhasePlanPrice><MasterPlanID>6616</MasterPlanID></AllowedPlans><AllowedPlans><PlanName>Ariana</PlanName><PhasePlanPrice>212990.00</PhasePlanPrice><MasterPlanID>6618</MasterPlanID></AllowedPlans><AllowedPlans><PlanName>Margriet</PlanName><PhasePlanPrice>176990.00</PhasePlanPrice><MasterPlanID>6615</MasterPlanID></AllowedPlans><AllowedPlans><PlanName>Juliana</PlanN
ame><PhasePlanPrice>209990.00</PhasePlanPrice><MasterPlanID>6631</MasterPlanID></AllowedPlans><AllowedPlans><PlanName>Kent</PlanName><PhasePlanPrice>185990.00</PhasePlanPrice><MasterPlanID>6630</MasterPlanID></AllowedPlans><AllowedPlans><PlanName>Phillipe</PlanName><PhasePlanPrice>214990.00</PhasePlanPrice><MasterPlanID>6632</MasterPlanID></AllowedPlans></Lot></Phase></Subdivision></Lots>
