<Lots><Subdivision><Subdivision>Candler Hills West</Subdivision><Phase><AlphavisionSitePlan>Stonebridge</AlphavisionSitePlan><PhaseName>Stonebridge Phase 1</PhaseName><Lot><ID>55802</ID><Block>000</Block><Lot>001</Lot><LotStatus>Sold</LotStatus><LotPremium>20000.00</LotPremium><Phaseplan><MasterPlanID>6634</MasterPlanID><SelectedPlan>Arlington</SelectedPlan><GarageOrientation><SelectedGarageOrientation>Left</SelectedGarageOrientation><Options><SelectedOption>Build Time Time To Build</SelectedOption><MasterOptionID>317134</MasterOptionID></Options><Options><SelectedOption>Special Promotion 1</SelectedOption><MasterOptionID>334662</MasterOptionID></Options><Options><SelectedOption>Kitchen Cabinet Hardware</SelectedOption><MasterOptionID>220157</MasterOptionID></Options><Options><SelectedOption>Kitchen Plumbing Sink SS Bowl Undermount 50\50 STD</SelectedOption><MasterOptionID>361572</MasterOptionID></Options><Options><SelectedOption>Kitchen Plumbing Faucet Kohler K-15160-BN "Coralais" Br Nickel STD</SelectedOption><MasterOptionID>361573</MasterOptionID></Options><Options><SelectedOption>Kitchen Flooring Ceramic Tile Level 1 STD</SelectedOption><MasterOptionID>361788</MasterOptionID></Options><Options><SelectedOption>Master Bath 1 Flooring Ceramic Tile Level 1 STD</SelectedOption><MasterOptionID>361795</MasterOptionID></Options><Options><SelectedOption>Bath 2 Flooring Ceramic Tile Level 1 STD</SelectedOption><MasterOptionID>361802</MasterOptionID></Options><Options><SelectedOption>Bath 3 Flooring Ceramic Tile Level 1 STD</SelectedOption><MasterOptionID>361809</MasterOptionID></Options><Options><SelectedOption>Foyer Flooring Ceramic Tile Level 1 STD</SelectedOption><MasterOptionID>361862</MasterOptionID></Options><Options><SelectedOption>Laundry Flooring Ceramic Tile Level 1 STD</SelectedOption><MasterOptionID>361869</MasterOptionID></Options><Options><SelectedOption>Hall by Bath 3 Flooring Ceramic Tile Level 1 STD</SelectedOption><MasterOptionID>362090</MasterOptionID></Options><Options><SelectedOption
>Kitchen Appliances Cook Top Gas SS 36"  STD</SelectedOption><MasterOptionID>362289</MasterOptionID></Options><Options><SelectedOption>Kitchen Appliances Micro\Wall Oven Combo SS 30"  STD</SelectedOption><MasterOptionID>362290</MasterOptionID></Options><Options><SelectedOption>Kitchen Appliances Range Hood SS 36"  STD</SelectedOption><MasterOptionID>362292</MasterOptionID></Options><Options><SelectedOption>Kitchen Appliances Dishwasher SS  STD</SelectedOption><MasterOptionID>362293</MasterOptionID></Options><Options><SelectedOption>Kitchen Appliances Garbage  STD</SelectedOption><MasterOptionID>362294</MasterOptionID></Options><Options><SelectedOption>Kitchen Cabinets Level 4 Staggered</SelectedOption><MasterOptionID>361701</MasterOptionID></Options><Options><SelectedOption>Kitchen Counter Tops Granite/Quartz 2</SelectedOption><MasterOptionID>361716</MasterOptionID></Options><Options><SelectedOption>Great Room Flooring Ceramic Tile Level 1 includes Breakfast Area/Hall</SelectedOption><MasterOptionID>362083</MasterOptionID></Options><Options><SelectedOption>Bedroom 3 Flooring Ceramic Tile Level 1</SelectedOption><MasterOptionID>362063</MasterOptionID></Options><Options><SelectedOption>Master Bath 1 Plumbing Commode Comfort Height STD</SelectedOption><MasterOptionID>361595</MasterOptionID></Options><Options><SelectedOption>Master Bath 1 Bath TP,Towel Bar Brushed Nickel STD</SelectedOption><MasterOptionID>361596</MasterOptionID></Options><Options><SelectedOption>Bath 2 Plumbing Commode Comfort Height STD</SelectedOption><MasterOptionID>361597</MasterOptionID></Options><Options><SelectedOption>Bath 2 Bath TP,Towel Bar Brushed Nickel STD</SelectedOption><MasterOptionID>361600</MasterOptionID></Options><Options><SelectedOption>Bath 3 Plumbing Commode Comfort Height STD</SelectedOption><MasterOptionID>361601</MasterOptionID></Options><Options><SelectedOption>Bath 3 Bath TP,Towel Bar Brushed Nickel STD</SelectedOption><MasterOptionID>361602</MasterOptionID></Options><Options><SelectedOption>Master Bath 1 P
lumbing Shower Faucet STD</SelectedOption><MasterOptionID>361681</MasterOptionID></Options><Options><SelectedOption>Master Bath 1 Counter Tops Bath Vanity Quartz STD</SelectedOption><MasterOptionID>361724</MasterOptionID></Options><Options><SelectedOption>Master Bath 1 Bath Mirror STD</SelectedOption><MasterOptionID>361730</MasterOptionID></Options><Options><SelectedOption>Bath 2 Bath Mirror STD</SelectedOption><MasterOptionID>361738</MasterOptionID></Options><Options><SelectedOption>Bath 3 Counter Tops Bath Vanity Quartz STD</SelectedOption><MasterOptionID>361740</MasterOptionID></Options><Options><SelectedOption>Bath 3 Bath Mirror STD</SelectedOption><MasterOptionID>361746</MasterOptionID></Options><Options><SelectedOption>Master Bath 1 Shower Floor Tile Level 1 STD</SelectedOption><MasterOptionID>361819</MasterOptionID></Options><Options><SelectedOption>Master Bath 1 Shower Wall Tile Level 1 STD</SelectedOption><MasterOptionID>361824</MasterOptionID></Options><Options><SelectedOption>Bath 2 Shower Floor Tile Level 1 STD</SelectedOption><MasterOptionID>361831</MasterOptionID></Options><Options><SelectedOption>Bath 2 Shower Wall Tile Level 1 STD</SelectedOption><MasterOptionID>361836</MasterOptionID></Options><Options><SelectedOption>Bath 2 Shower Doors Framed By-Pass Chrome Clear STD</SelectedOption><MasterOptionID>361841</MasterOptionID></Options><Options><SelectedOption>Bath 3 Tub Wrap Wall Tile Level 1 STD</SelectedOption><MasterOptionID>361845</MasterOptionID></Options><Options><SelectedOption>Master Bath 1 Shower Doors Frameless Rain Glass Panels Upgrade</SelectedOption><MasterOptionID>361818</MasterOptionID></Options><Options><SelectedOption>Master Suite 1 Flooring Carpet Level 1 STD</SelectedOption><MasterOptionID>361876</MasterOptionID></Options><Options><SelectedOption>Bedroom 2 Suite Flooring Carpet Level 1 STD</SelectedOption><MasterOptionID>361993</MasterOptionID></Options><Options><SelectedOption>Special Promotion Choice Bucks</SelectedOption><MasterOptionID>317055</MasterOptionID></
Options><Options><SelectedOption>Exterior Elevation A STD</SelectedOption><MasterOptionID>101101101</MasterOptionID></Options><Options><SelectedOption>Exterior Landscaping 4 Sided w/ Opt A Buffer STD</SelectedOption><MasterOptionID>361559</MasterOptionID></Options><Options><SelectedOption>Exterior Paver Options Pavers For Driveway/Walk and Entry STD</SelectedOption><MasterOptionID>361568</MasterOptionID></Options><Options><SelectedOption>Interior Door Hardware\Hinges Satin Nickel STD</SelectedOption><MasterOptionID>361753</MasterOptionID></Options><Options><SelectedOption>Exterior Elc\Lgt Lighting Package Exterior Derby Expresso STD</SelectedOption><MasterOptionID>361755</MasterOptionID></Options><Options><SelectedOption>Interior Elc\Lgt Lighting Package Inspire Interior\Select Color STD</SelectedOption><MasterOptionID>361756</MasterOptionID></Options><Options><SelectedOption>Exterior Color Scheme Shingles 50 Year Dimensional STD</SelectedOption><MasterOptionID>361766</MasterOptionID></Options><Options><SelectedOption>Interior Drywall Options Square Corners STD</SelectedOption><MasterOptionID>361773</MasterOptionID></Options><Options><SelectedOption>Garage Doors Glass Lites Door Color STD</SelectedOption><MasterOptionID>361776</MasterOptionID></Options><Options><SelectedOption>Lanai Screen Options Screened Covered Lanai on 24" Masonry Wall</SelectedOption><MasterOptionID>361749</MasterOptionID></Options><Options><SelectedOption>Exterior Color Scheme 53-2</SelectedOption><MasterOptionID>532532532</MasterOptionID></Options><Options><SelectedOption>Interior Window Blinds Group 1 Homes Level 1</SelectedOption><MasterOptionID>220124</MasterOptionID></Options><Options><SelectedOption>Master Suite 1 Custom Change Option 1</SelectedOption><MasterOptionID>346259</MasterOptionID></Options><Options><SelectedOption>Great Room Custom Change Option 1</SelectedOption><MasterOptionID>362146</MasterOptionID></Options><Options><SelectedOption>Bedroom 3 Custom Change Option 1</SelectedOption><MasterOptionID>362199</M
asterOptionID></Options><Options><SelectedOption>Garage Floor Epoxy Coat w\Flakes Arlington 3 Car</SelectedOption><MasterOptionID>361569</MasterOptionID></Options><Options><SelectedOption>Kitchen Elc\Lgt Under/Over Cabinet Lighting LED Tape Arlington Kitchen</SelectedOption><MasterOptionID>361764</MasterOptionID></Options><Options><SelectedOption>Bath 2 Counter Tops Bath Vanity Quartz STD</SelectedOption><MasterOptionID>361732</MasterOptionID></Options><Options><SelectedOption>Exterior Door Hardware Arlington Lever STD</SelectedOption><MasterOptionID>361751</MasterOptionID></Options></GarageOrientation></Phaseplan></Lot></Phase></Subdivision><Subdivision><Subdivision>Indigo East</Subdivision><Phase><AlphavisionSitePlan>Indigo East</AlphavisionSitePlan><PhaseName>Block A(34-75)</PhaseName><Lot><ID>48843</ID><Block>A</Block><Lot>73</Lot><LotStatus>Sold</LotStatus><LotPremium>2500.00</LotPremium><Phaseplan><MasterPlanID>6621</MasterPlanID><SelectedPlan>Aster 1500</SelectedPlan><GarageOrientation><SelectedGarageOrientation>Left</SelectedGarageOrientation><Options><SelectedOption>Exterior Color Scheme 51-1</SelectedOption><MasterOptionID>511511511</MasterOptionID></Options><Options><SelectedOption>Exterior Color Scheme Shingles 30 Year Dimensional STD</SelectedOption><MasterOptionID>353233</MasterOptionID></Options><Options><SelectedOption>Exterior Elevation A STD</SelectedOption><MasterOptionID>101101101</MasterOptionID></Options><Options><SelectedOption>Lanai Screen Options Screened Lanai on 16" Kick Plate STD</SelectedOption><MasterOptionID>353224</MasterOptionID></Options><Options><SelectedOption>Master Bath 1 Shower Wall Tile Level 1 STD</SelectedOption><MasterOptionID>354325</MasterOptionID></Options><Options><SelectedOption>Exterior Elc\Lgt Lighting Package Exterior STD</SelectedOption><MasterOptionID>353231</MasterOptionID></Options><Options><SelectedOption>Garage Door 16x7 Solid Door/ Color STD</SelectedOption><MasterOptionID>353240</MasterOptionID></Options><Options><SelectedOption>Bath 2 Plum
bing Commode Comfort Height STD</SelectedOption><MasterOptionID>353198</MasterOptionID></Options><Options><SelectedOption>Bath 2 Bath Mirror STD</SelectedOption><MasterOptionID>353221</MasterOptionID></Options><Options><SelectedOption>Bath 2 Tub and Wall Set Sterling STD</SelectedOption><MasterOptionID>353275</MasterOptionID></Options><Options><SelectedOption>Kitchen Plumbing Sink SS Bowl Undermount 50\50 STD</SelectedOption><MasterOptionID>353171</MasterOptionID></Options><Options><SelectedOption>Master Bath 1 Bath Mirror STD</SelectedOption><MasterOptionID>353212</MasterOptionID></Options><Options><SelectedOption>Master Bath 1 Shower Framed Swing Door/ Panels Clear Glass STD</SelectedOption><MasterOptionID>353272</MasterOptionID></Options><Options><SelectedOption>Master Bath 1 Shower Pan Sterling STD</SelectedOption><MasterOptionID>354324</MasterOptionID></Options><Options><SelectedOption>Master Bath 1 Plumbing Commode Comfort Height STD</SelectedOption><MasterOptionID>353197</MasterOptionID></Options><Options><SelectedOption>Kitchen Appliances Garbage Disposal GC2000 PE STD</SelectedOption><MasterOptionID>353358</MasterOptionID></Options><Options><SelectedOption>Exterior Door Hardware Arlington Lever STD</SelectedOption><MasterOptionID>353226</MasterOptionID></Options><Options><SelectedOption>Interior Drywall Options Square Corners STD</SelectedOption><MasterOptionID>353237</MasterOptionID></Options><Options><SelectedOption>Bath 2 Counter Tops Bath Vanity Quartz STD</SelectedOption><MasterOptionID>353215</MasterOptionID></Options><Options><SelectedOption>Master Bath 1 Bath TP,Towel Bar Chrome STD</SelectedOption><MasterOptionID>354922</MasterOptionID></Options><Options><SelectedOption>Bath 2 Bath TP, Towel Bar Chrome STD</SelectedOption><MasterOptionID>354923</MasterOptionID></Options><Options><SelectedOption>Master Suite 1 Custom Change Option 1</SelectedOption><MasterOptionID>346259</MasterOptionID></Options><Options><SelectedOption>Master Bath 1 Counter Tops Bath Vanity Quartz STD</SelectedOp
tion><MasterOptionID>353206</MasterOptionID></Options><Options><SelectedOption>Exterior Elc\Lgt Coach Lights (2) Premier</SelectedOption><MasterOptionID>353354</MasterOptionID></Options><Options><SelectedOption>Foyer Flooring Ceramic Tile Level 2</SelectedOption><MasterOptionID>353284</MasterOptionID></Options><Options><SelectedOption>Great Room Flooring Ceramic Tile Level 2</SelectedOption><MasterOptionID>353348</MasterOptionID></Options><Options><SelectedOption>Bath 2 Flooring Ceramic Tile Level 2</SelectedOption><MasterOptionID>353266</MasterOptionID></Options><Options><SelectedOption>Kitchen Flooring Ceramic Tile Level 2</SelectedOption><MasterOptionID>353252</MasterOptionID></Options><Options><SelectedOption>Laundry/Hall Flooring Ceramic Tile Level 2</SelectedOption><MasterOptionID>353291</MasterOptionID></Options><Options><SelectedOption>Master Bath 1 Flooring Ceramic Tile Level 2</SelectedOption><MasterOptionID>353259</MasterOptionID></Options><Options><SelectedOption>Master Suite 1 Flooring Carpet Level 2</SelectedOption><MasterOptionID>353298</MasterOptionID></Options><Options><SelectedOption>Master Bath 1 Custom Change Option 1</SelectedOption><MasterOptionID>346258</MasterOptionID></Options><Options><SelectedOption>Kitchen Custom Change Option 2</SelectedOption><MasterOptionID>346264</MasterOptionID></Options><Options><SelectedOption>Kitchen Plumbing Faucet Kohler K-10433-BN "Forte" Brushed Nickel</SelectedOption><MasterOptionID>353177</MasterOptionID></Options><Options><SelectedOption>Kitchen Custom Change Option 3</SelectedOption><MasterOptionID>346273</MasterOptionID></Options><Options><SelectedOption>Master Bath 1 Plumbing Shower Faucet FORTE Br Nickel Opt 5</SelectedOption><MasterOptionID>354632</MasterOptionID></Options><Options><SelectedOption>Exterior Paver\Concrete Options Pavers at Entry</SelectedOption><MasterOptionID>353168</MasterOptionID></Options><Options><SelectedOption>Exterior Paver\Concrete Options Pavers For Driveway</SelectedOption><MasterOptionID>353169</MasterOptio
nID></Options><Options><SelectedOption>Kitchen Stainless Steel Micro Hood, Gas Range,Dish Washer PRM</SelectedOption><MasterOptionID>322507</MasterOptionID></Options><Options><SelectedOption>Kitchen Refrig Side by Side SS 25 cf WRS325FDA</SelectedOption><MasterOptionID>331252</MasterOptionID></Options><Options><SelectedOption>Exterior Elevation Landscaping 4 Sided Upgrade</SelectedOption><MasterOptionID>354319</MasterOptionID></Options><Options><SelectedOption>Master Suite 1 Elc\Lgt Recessed Light Regular Flat Trim</SelectedOption><MasterOptionID>346381</MasterOptionID></Options><Options><SelectedOption>Kitchen Whole House Cabinet Hardware Level 2</SelectedOption><MasterOptionID>347847</MasterOptionID></Options><Options><SelectedOption>Master Suite 1 Elc\Lgt Switch Single Pole</SelectedOption><MasterOptionID>346320</MasterOptionID></Options><Options><SelectedOption>Interior Custom Change Option 1</SelectedOption><MasterOptionID>346254</MasterOptionID></Options><Options><SelectedOption>Interior Custom Change Option 2</SelectedOption><MasterOptionID>346263</MasterOptionID></Options><Options><SelectedOption>Master Suite 1 Elc\Lgt Outlet Duplex Provide Location</SelectedOption><MasterOptionID>346426</MasterOptionID></Options><Options><SelectedOption>Kitchen Cabinets Harvest/Prairie Maple</SelectedOption><MasterOptionID>354932</MasterOptionID></Options><Options><SelectedOption>Interior Custom Change Option 3</SelectedOption><MasterOptionID>346272</MasterOptionID></Options><Options><SelectedOption>Exterior Custom Change Option 1</SelectedOption><MasterOptionID>346251</MasterOptionID></Options><Options><SelectedOption>Exterior Paver\Concrete Opt Paver Patio Off Lanai 10'x21'</SelectedOption><MasterOptionID>355137</MasterOptionID></Options><Options><SelectedOption>Garage Floor Epoxy Coat w\Flakes Aster 2 Car</SelectedOption><MasterOptionID>353170</MasterOptionID></Options><Options><SelectedOption>Exterior Plumbing Water Heater Tankless Gas</SelectedOption><MasterOptionID>317127</MasterOptionID></Options><O
ptions><SelectedOption>Kitchen Counter Tops Granite/Quartz 2</SelectedOption><MasterOptionID>353203</MasterOptionID></Options><Options><SelectedOption>Bedroom 2 Flooring Carpet Level 2</SelectedOption><MasterOptionID>353317</MasterOptionID></Options><Options><SelectedOption>Special Promotion 2</SelectedOption><MasterOptionID>318598</MasterOptionID></Options><Options><SelectedOption>Special Promotion 1</SelectedOption><MasterOptionID>334662</MasterOptionID></Options><Options><SelectedOption>Special Promotion 3</SelectedOption><MasterOptionID>318599</MasterOptionID></Options></GarageOrientation></Phaseplan></Lot><Lot><ID>48862</ID><Block>E</Block><Lot>03</Lot><LotStatus>Sold</LotStatus><LotPremium>0.00</LotPremium><Phaseplan><MasterPlanID>6621</MasterPlanID><SelectedPlan>Aster 1500</SelectedPlan><GarageOrientation><SelectedGarageOrientation>Left</SelectedGarageOrientation><Options><SelectedOption>Special Promotion 1</SelectedOption><MasterOptionID>334662</MasterOptionID></Options><Options><SelectedOption>Great Room Expansion Option</SelectedOption><MasterOptionID>354782</MasterOptionID></Options><Options><SelectedOption>Kitchen Cabinets Level 2</SelectedOption><MasterOptionID>354929</MasterOptionID></Options><Options><SelectedOption>Kitchen Black Micro Hood, Gas Range,Dish Washer PRM</SelectedOption><MasterOptionID>354339</MasterOptionID></Options><Options><SelectedOption>Kitchen Sink Stainless Steel Single Bowl Undermount</SelectedOption><MasterOptionID>339454</MasterOptionID></Options><Options><SelectedOption>Kitchen Plumbing Faucet Kohler K-596-VS "Simplice" Vibrant Stainless</SelectedOption><MasterOptionID>353182</MasterOptionID></Options><Options><SelectedOption>Kitchen Super Lazy Susan Shelves corner Base (All Styles)</SelectedOption><MasterOptionID>341921</MasterOptionID></Options><Options><SelectedOption>Kitchen Tilt Outs (2) at Kitchen Sink \ All Styles</SelectedOption><MasterOptionID>334641</MasterOptionID></Options><Options><SelectedOption>Master Bath 1 Structural Walk-In Shower/Seat Optio
n</SelectedOption><MasterOptionID>358560</MasterOptionID></Options><Options><SelectedOption>Kitchen Whole House Cabinet Hardware Level 2</SelectedOption><MasterOptionID>347847</MasterOptionID></Options><Options><SelectedOption>Kitchen Appliances Garbage Disposal GC2000 PE STD</SelectedOption><MasterOptionID>353358</MasterOptionID></Options><Options><SelectedOption>Kitchen Top Edge Upgrade For 3CM Granite/ Quartz Tops</SelectedOption><MasterOptionID>364772</MasterOptionID></Options><Options><SelectedOption>Foyer Flooring Ceramic Tile Level 2</SelectedOption><MasterOptionID>353284</MasterOptionID></Options><Options><SelectedOption>Foyer Flooring Tile on Diagonal or Staggered</SelectedOption><MasterOptionID>353288</MasterOptionID></Options><Options><SelectedOption>Bath 2 Flooring Ceramic Tile Level 2</SelectedOption><MasterOptionID>353266</MasterOptionID></Options><Options><SelectedOption>Bath 2 Flooring Tile on Diagonal or Staggered</SelectedOption><MasterOptionID>353270</MasterOptionID></Options><Options><SelectedOption>Great Room Expanded Flooring Ceramic Tile Level 2</SelectedOption><MasterOptionID>354796</MasterOptionID></Options><Options><SelectedOption>Great Room Expanded Flooring Tile on Diagonal or Staggered</SelectedOption><MasterOptionID>354800</MasterOptionID></Options><Options><SelectedOption>Kitchen Flooring Ceramic Tile Level 2</SelectedOption><MasterOptionID>353252</MasterOptionID></Options><Options><SelectedOption>Kitchen Flooring Tile on Diagonal or Staggered</SelectedOption><MasterOptionID>353256</MasterOptionID></Options><Options><SelectedOption>Laundry/Hall Flooring Ceramic Tile Level 2</SelectedOption><MasterOptionID>353291</MasterOptionID></Options><Options><SelectedOption>Laundry/Hall Flooring Tile on Diagonal or Staggered</SelectedOption><MasterOptionID>353295</MasterOptionID></Options><Options><SelectedOption>Master Suite 1 Flooring Carpet Level 1 STD</SelectedOption><MasterOptionID>353297</MasterOptionID></Options><Options><SelectedOption>Bedroom 2 Flooring Carpet Level 1 ST
D</SelectedOption><MasterOptionID>353316</MasterOptionID></Options><Options><SelectedOption>Bath 2 Counter Tops Bath Vanity Quartz STD</SelectedOption><MasterOptionID>353215</MasterOptionID></Options><Options><SelectedOption>Bath 2 Tub and Wall Set Sterling STD</SelectedOption><MasterOptionID>353275</MasterOptionID></Options><Options><SelectedOption>Bath 2 Bath TP, Towel Bar Chrome STD</SelectedOption><MasterOptionID>354923</MasterOptionID></Options><Options><SelectedOption>Master Bath 1 Plumbing Shower Faucet ALTEO Br Nickel Opt 1</SelectedOption><MasterOptionID>354621</MasterOptionID></Options><Options><SelectedOption>Master Bath 1 Bath Mirror Beveled Edge</SelectedOption><MasterOptionID>353213</MasterOptionID></Options><Options><SelectedOption>Master Bath 1 Custom Change Option 2</SelectedOption><MasterOptionID>346267</MasterOptionID></Options><Options><SelectedOption>Master Bath 1 Kohler Alteo 24" Towel Bar K37051-BN</SelectedOption><MasterOptionID>355002</MasterOptionID></Options><Options><SelectedOption>Master Bath 1 Kohler Alteo TP Holder K37054-BN</SelectedOption><MasterOptionID>355005</MasterOptionID></Options><Options><SelectedOption>Master Bath 1 Flooring Ceramic Tile Level 2</SelectedOption><MasterOptionID>353259</MasterOptionID></Options><Options><SelectedOption>Master Bath 1 Plumbing Commode Comfort Height STD</SelectedOption><MasterOptionID>353197</MasterOptionID></Options><Options><SelectedOption>Bath 2 Plumbing Commode Comfort Height STD</SelectedOption><MasterOptionID>353198</MasterOptionID></Options><Options><SelectedOption>Bath 2 Bath Mirror STD</SelectedOption><MasterOptionID>353221</MasterOptionID></Options><Options><SelectedOption>Master Bath 1 Shower Wall Tile Listello Level 4</SelectedOption><MasterOptionID>358515</MasterOptionID></Options><Options><SelectedOption>Master Bath 1 Walk In Shower Floor Tile Level 1 STD</SelectedOption><MasterOptionID>358566</MasterOptionID></Options><Options><SelectedOption>Master Bath 1 Walk In Shower Wall Tile Level 1 STD</SelectedOption><Mas
terOptionID>358561</MasterOptionID></Options><Options><SelectedOption>Exterior Elevation B</SelectedOption><MasterOptionID>102102102</MasterOptionID></Options><Options><SelectedOption>Exterior Color Scheme 93-5</SelectedOption><MasterOptionID>935935935</MasterOptionID></Options><Options><SelectedOption>Exterior Elc\Lgt Lighting Package Exterior STD</SelectedOption><MasterOptionID>353231</MasterOptionID></Options><Options><SelectedOption>Interior Elc\Lgt Lighting Package Interior STD</SelectedOption><MasterOptionID>353232</MasterOptionID></Options><Options><SelectedOption>Exterior Color Scheme Shingles 50 Year Dimensional STD</SelectedOption><MasterOptionID>353233</MasterOptionID></Options><Options><SelectedOption>Exterior Custom Change Option 1</SelectedOption><MasterOptionID>346251</MasterOptionID></Options><Options><SelectedOption>Exterior Elc\Lgt Coach Lights (2) Indigo Classic</SelectedOption><MasterOptionID>353354</MasterOptionID></Options><Options><SelectedOption>Lanai Screen Options Screened Lanai on 24" Masonry Wall</SelectedOption><MasterOptionID>353225</MasterOptionID></Options><Options><SelectedOption>Exterior Landscaping 3 Sided STD</SelectedOption><MasterOptionID>353166</MasterOptionID></Options><Options><SelectedOption>Master Bath 1 Bath Tiled 12"x14" Shampoo Niche, Note Location</SelectedOption><MasterOptionID>346949</MasterOptionID></Options><Options><SelectedOption>Kitchen Counter Tops Granite/Quartz 1 STD</SelectedOption><MasterOptionID>353202</MasterOptionID></Options><Options><SelectedOption>Master Bath 1 Counter Tops Bath Vanity Quartz STD</SelectedOption><MasterOptionID>353206</MasterOptionID></Options><Options><SelectedOption>Exterior Door Hardware Arlington Lever STD</SelectedOption><MasterOptionID>353226</MasterOptionID></Options><Options><SelectedOption>Interior Carpet Pad 8 lbs (3 Rooms or Less)</SelectedOption><MasterOptionID>353362</MasterOptionID></Options><Options><SelectedOption>Master Bath 1 Custom Change Option 1</SelectedOption><MasterOptionID>346258</MasterOption
ID></Options><Options><SelectedOption>Interior Crown Molding for Kitchen\Great Room\Foyer\Hall</SelectedOption><MasterOptionID>353359</MasterOptionID></Options><Options><SelectedOption>Kitchen Soap Dispenser Kohler K-1893 Br Nickel/ Vib Stain/ OR Bronze</SelectedOption><MasterOptionID>354738</MasterOptionID></Options><Options><SelectedOption>Kitchen Cabinets Crown Molding Traditional or Large (All Styles)</SelectedOption><MasterOptionID>333148</MasterOptionID></Options><Options><SelectedOption>Kitchen Wall Tile Back Splash Level 1</SelectedOption><MasterOptionID>333251</MasterOptionID></Options><Options><SelectedOption>Interior Drywall Options Square Corners STD</SelectedOption><MasterOptionID>353237</MasterOptionID></Options><Options><SelectedOption>Kitchen Elc\Lgt Under/Over Cabinet Lighting  LED Tape Aster Kitchen</SelectedOption><MasterOptionID>354770</MasterOptionID></Options><Options><SelectedOption>Great Room Custom Change Option 1</SelectedOption><MasterOptionID>356988</MasterOptionID></Options><Options><SelectedOption>Master Suite 1 Crown Molding</SelectedOption><MasterOptionID>353360</MasterOptionID></Options><Options><SelectedOption>Master Bath 1 Custom Change Option 3</SelectedOption><MasterOptionID>346276</MasterOptionID></Options><Options><SelectedOption>Master Bath 1 Elc\Lgt Prewire Chandelier w\(1) Switch</SelectedOption><MasterOptionID>346350</MasterOptionID></Options><Options><SelectedOption>Interior Doors</SelectedOption><MasterOptionID>360265</MasterOptionID></Options><Options><SelectedOption>Great Room Elc\Lgt Switch Dimmer Single</SelectedOption><MasterOptionID>360297</MasterOptionID></Options><Options><SelectedOption>Lanai Elc\Lgt Fan\Light Prewire w\(2) Switches</SelectedOption><MasterOptionID>346396</MasterOptionID></Options><Options><SelectedOption>Master Suite 1 Custom Change Option 3</SelectedOption><MasterOptionID>346277</MasterOptionID></Options><Options><SelectedOption>Master Suite 1 Elc\Lgt Outlet Duplex Provide Location</SelectedOption><MasterOptionID>346426</Master
OptionID></Options><Options><SelectedOption>Great Room Custom Change Option 3</SelectedOption><MasterOptionID>356990</MasterOptionID></Options><Options><SelectedOption>Great Room Elc\Lgt Outlet Duplex Provide Location</SelectedOption><MasterOptionID>356999</MasterOptionID></Options><Options><SelectedOption>Garage Floor Epoxy Coat w\Flakes Aster 2 Car</SelectedOption><MasterOptionID>353170</MasterOptionID></Options><Options><SelectedOption>Exterior Structural Gas Line For Gas Grill or Future Fireplace</SelectedOption><MasterOptionID>347878</MasterOptionID></Options><Options><SelectedOption>Master Bath 1 Kohler Alteo Towel Ring K37057-BN</SelectedOption><MasterOptionID>355008</MasterOptionID></Options><Options><SelectedOption>Master Bath 1 Kohler Alteo Robe Hook K37055-BN</SelectedOption><MasterOptionID>355011</MasterOptionID></Options><Options><SelectedOption>Exterior Insulation Core Fill Exterior masonry walls</SelectedOption><MasterOptionID>353236</MasterOptionID></Options><Options><SelectedOption>Great Room Elc\Lgt Outlet Duplex Floor</SelectedOption><MasterOptionID>356998</MasterOptionID></Options><Options><SelectedOption>Great Room Elc\Lgt Switch Dimmer Single ILO Single Switch</SelectedOption><MasterOptionID>357004</MasterOptionID></Options><Options><SelectedOption>Interior Window Blinds Group 1 Homes Level 1</SelectedOption><MasterOptionID>220124</MasterOptionID></Options><Options><SelectedOption>Great Room Custom Change Option 2</SelectedOption><MasterOptionID>356989</MasterOptionID></Options><Options><SelectedOption>Great Room Elc\Lgt Recessed Light Regular Flat Trim</SelectedOption><MasterOptionID>357002</MasterOptionID></Options><Options><SelectedOption>Garage Elc\Lgt Outlet 20 AMP Golf Cart</SelectedOption><MasterOptionID>220173</MasterOptionID></Options><Options><SelectedOption>Great Room Elc\Lgt Prewire Chandelier w\(1) Switch</SelectedOption><MasterOptionID>357001</MasterOptionID></Options><Options><SelectedOption>Garage Door 16x7 Add Glass Lites</SelectedOption><MasterOptionID>353241
</MasterOptionID></Options><Options><SelectedOption>Interior SGD Verticell Cellular Shades for 8080 SGD</SelectedOption><MasterOptionID>364829</MasterOptionID></Options><Options><SelectedOption>Interior Door Hardware\Hinges Satin Nickel</SelectedOption><MasterOptionID>353229</MasterOptionID></Options><Options><SelectedOption>Great Room Custom Change Option 4</SelectedOption><MasterOptionID>356991</MasterOptionID></Options><Options><SelectedOption>Exterior Custom Change Option 2</SelectedOption><MasterOptionID>346260</MasterOptionID></Options><Options><SelectedOption>Exterior Concrete Opt Slab Off Lanai 10'x21' w/Acrylic Finish</SelectedOption><MasterOptionID>355136</MasterOptionID></Options></GarageOrientation></Phaseplan></Lot><Lot><ID>48875</ID><Block>E</Block><Lot>16</Lot><LotStatus>Sold</LotStatus><LotPremium>7500.00</LotPremium><Phaseplan><MasterPlanID>6624</MasterPlanID><SelectedPlan>Sunflower 1946</SelectedPlan><GarageOrientation><SelectedGarageOrientation>Left</SelectedGarageOrientation><Options><SelectedOption>Kitchen Plumbing Sink SS Bowl Undermount 50\50 STD</SelectedOption><MasterOptionID>353855</MasterOptionID></Options><Options><SelectedOption>Master Bath 1 Plumbing Commode Comfort Height STD</SelectedOption><MasterOptionID>353881</MasterOptionID></Options><Options><SelectedOption>Bath 2 Plumbing Commode Comfort Height STD</SelectedOption><MasterOptionID>353882</MasterOptionID></Options><Options><SelectedOption>Master Bath 1 Counter Tops Bath Vanity Quartz STD</SelectedOption><MasterOptionID>353890</MasterOptionID></Options><Options><SelectedOption>Master Bath 1 Bath Mirror STD</SelectedOption><MasterOptionID>353896</MasterOptionID></Options><Options><SelectedOption>Bath 2 Counter Tops Bath Vanity Quartz STD</SelectedOption><MasterOptionID>353899</MasterOptionID></Options><Options><SelectedOption>Bath 2 Bath Mirror STD</SelectedOption><MasterOptionID>353905</MasterOptionID></Options><Options><SelectedOption>Exterior Door Hardware Arlington Lever STD</SelectedOption><MasterOptionID>353
910</MasterOptionID></Options><Options><SelectedOption>Exterior Elc\Lgt Lighting Package Exterior STD</SelectedOption><MasterOptionID>353915</MasterOptionID></Options><Options><SelectedOption>Interior Elc\Lgt Lighting Package Interior STD</SelectedOption><MasterOptionID>353916</MasterOptionID></Options><Options><SelectedOption>Exterior Color Scheme Shingles 50 Year Dimensional STD</SelectedOption><MasterOptionID>353917</MasterOptionID></Options><Options><SelectedOption>Interior Drywall Options Square Corners STD</SelectedOption><MasterOptionID>353921</MasterOptionID></Options><Options><SelectedOption>Garage Door 16x7 Solid Door/ Color STD</SelectedOption><MasterOptionID>353924</MasterOptionID></Options><Options><SelectedOption>Bath 2 Tub and Wall Set Sterling STD</SelectedOption><MasterOptionID>353959</MasterOptionID></Options><Options><SelectedOption>Kitchen Appliances Garbage Disposal GC2000 PE STD</SelectedOption><MasterOptionID>354075</MasterOptionID></Options><Options><SelectedOption>Master Bath 1 Bath TP,Towel Bar Chrome STD</SelectedOption><MasterOptionID>355038</MasterOptionID></Options><Options><SelectedOption>Bath 2 Bath TP, Towel Bar Chrome STD</SelectedOption><MasterOptionID>355039</MasterOptionID></Options><Options><SelectedOption>Bath 2 Flooring Ceramic Tile Level 2</SelectedOption><MasterOptionID>353950</MasterOptionID></Options><Options><SelectedOption>Bedroom 2 Flooring Carpet Level 2</SelectedOption><MasterOptionID>354001</MasterOptionID></Options><Options><SelectedOption>Exterior Color Scheme 53-2</SelectedOption><MasterOptionID>532532532</MasterOptionID></Options><Options><SelectedOption>Exterior Elc\Lgt Coach Lights (2) Indigo Classic</SelectedOption><MasterOptionID>354071</MasterOptionID></Options><Options><SelectedOption>Exterior Elevation B</SelectedOption><MasterOptionID>102102102</MasterOptionID></Options><Options><SelectedOption>Exterior Elevation Landscaping 4 Sided Upgrade</SelectedOption><MasterOptionID>354322</MasterOptionID></Options><Options><SelectedOption>Flex Cus
tom Change Option 1</SelectedOption><MasterOptionID>354954</MasterOptionID></Options><Options><SelectedOption>Flex Elc\Lgt Fan\Light Prewire w\(2) Switches</SelectedOption><MasterOptionID>354962</MasterOptionID></Options><Options><SelectedOption>Flex Room Doors and Hardware DBL French Doors 6068 Full Glass Opt</SelectedOption><MasterOptionID>354815</MasterOptionID></Options><Options><SelectedOption>Flex Room/ Bedroom 3 Carpet Level 2</SelectedOption><MasterOptionID>354020</MasterOptionID></Options><Options><SelectedOption>Foyer Flooring Ceramic Tile Level 2</SelectedOption><MasterOptionID>353968</MasterOptionID></Options><Options><SelectedOption>Great Room Custom Change Option 1</SelectedOption><MasterOptionID>356302</MasterOptionID></Options><Options><SelectedOption>Great Room Elc\Lgt Recessed Light Regular Flat Trim</SelectedOption><MasterOptionID>356316</MasterOptionID></Options><Options><SelectedOption>Great Room Elc\Lgt Switch Single Pole</SelectedOption><MasterOptionID>356319</MasterOptionID></Options><Options><SelectedOption>Great Room Flooring Ceramic Tile Level 2</SelectedOption><MasterOptionID>354051</MasterOptionID></Options><Options><SelectedOption>Hall By Bath 2 Flooring Ceramic Tile Level 2</SelectedOption><MasterOptionID>354058</MasterOptionID></Options><Options><SelectedOption>Interior Window Blinds Group 1 Homes Level 1</SelectedOption><MasterOptionID>220124</MasterOptionID></Options><Options><SelectedOption>Kitchen Elc\Lgt Under Cabinet Lighting  LED Tape Sunflower Kitchen</SelectedOption><MasterOptionID>354778</MasterOptionID></Options><Options><SelectedOption>Kitchen Plumbing Faucet Kohler K-596-VS "Simplice" Vibrant Stainless</SelectedOption><MasterOptionID>353866</MasterOptionID></Options><Options><SelectedOption>Kitchen Stainless Steel Micro Hood, Gas Range,Dish Washer PRM</SelectedOption><MasterOptionID>322507</MasterOptionID></Options><Options><SelectedOption>Kitchen/Nook Flooring Ceramic Tile Level 2</SelectedOption><MasterOptionID>353936</MasterOptionID></Options><Options
><SelectedOption>Lanai Elc\Lgt Fan\Light Prewire w\(2) Switches</SelectedOption><MasterOptionID>346396</MasterOptionID></Options><Options><SelectedOption>Laundry Flooring Ceramic Tile Level 2</SelectedOption><MasterOptionID>353975</MasterOptionID></Options><Options><SelectedOption>Master Bath 1 Flooring Ceramic Tile Level 2</SelectedOption><MasterOptionID>353943</MasterOptionID></Options><Options><SelectedOption>Master Bath 1 Plumbing Shower Faucet ALTEO Br Nickel Opt 1</SelectedOption><MasterOptionID>354687</MasterOptionID></Options><Options><SelectedOption>Master Bath 1 Structural Walk-In Shower/Seat Option</SelectedOption><MasterOptionID>358593</MasterOptionID></Options><Options><SelectedOption>Master Suite 1 Flooring Carpet Level 2</SelectedOption><MasterOptionID>353982</MasterOptionID></Options><Options><SelectedOption>Kitchen Cabinet Hardware</SelectedOption><MasterOptionID>220157</MasterOptionID></Options><Options><SelectedOption>Lanai Screen Options Screened Lanai on 16" Kick Plate STD</SelectedOption><MasterOptionID>353908</MasterOptionID></Options><Options><SelectedOption>Kitchen Cabinets Crown Molding Large Cove  (All Styles)</SelectedOption><MasterOptionID>339227</MasterOptionID></Options><Options><SelectedOption>Kitchen/Nook/Great Room/Flex Room/Foyer Crown Molding</SelectedOption><MasterOptionID>354076</MasterOptionID></Options><Options><SelectedOption>Master Bath 1 Shower Wall Tile Listello Level 4</SelectedOption><MasterOptionID>358515</MasterOptionID></Options><Options><SelectedOption>Master Bath 1 Walk In Shower Floor Tile Level 1 STD</SelectedOption><MasterOptionID>358599</MasterOptionID></Options><Options><SelectedOption>Master Bath 1 Walk In Shower Wall Tile Level 1 STD</SelectedOption><MasterOptionID>358594</MasterOptionID></Options><Options><SelectedOption>Interior Door Hardware\Hinges Satin Nickel</SelectedOption><MasterOptionID>353913</MasterOptionID></Options><Options><SelectedOption>Kitchen Counter Tops Granite/Quartz 1 STD</SelectedOption><MasterOptionID>353886</MasterOp
tionID></Options><Options><SelectedOption>Kitchen Cabinets Level 2</SelectedOption><MasterOptionID>355045</MasterOptionID></Options><Options><SelectedOption>Kitchen Wall Tile Back Splash Level 3</SelectedOption><MasterOptionID>339880</MasterOptionID></Options><Options><SelectedOption>Special Promotion 2</SelectedOption><MasterOptionID>318598</MasterOptionID></Options><Options><SelectedOption>Special Promotion 3</SelectedOption><MasterOptionID>318599</MasterOptionID></Options></GarageOrientation></Phaseplan></Lot><Lot><ID>48876</ID><Block>E</Block><Lot>17</Lot><LotStatus>Sold</LotStatus><LotPremium>7500.00</LotPremium><Phaseplan><MasterPlanID>6622</MasterPlanID><SelectedPlan>Ginger 1746</SelectedPlan><GarageOrientation><SelectedGarageOrientation>Right</SelectedGarageOrientation><Options><SelectedOption>Special Promotion 1</SelectedOption><MasterOptionID>334662</MasterOptionID></Options><Options><SelectedOption>Special Promotion 2</SelectedOption><MasterOptionID>318598</MasterOptionID></Options><Options><SelectedOption>Laundry GE Washer GTW490AC White w/Silver Backsplash</SelectedOption><MasterOptionID>366738</MasterOptionID></Options><Options><SelectedOption>Laundry GE Dryer Gas GTD65GBS White w/Silver Backsplash</SelectedOption><MasterOptionID>366744</MasterOptionID></Options><Options><SelectedOption>Master Bath 1 Plumbing Shower Faucet ALTEO Br Nickel Opt 1</SelectedOption><MasterOptionID>354645</MasterOptionID></Options><Options><SelectedOption>Kitchen Plumbing Faucet Kohler K-560-VS "Bellera" Vibrant Stainless</SelectedOption><MasterOptionID>353380</MasterOptionID></Options><Options><SelectedOption>Flex Elc\Lgt Fan\Light Prewire w\(2) Switches</SelectedOption><MasterOptionID>354941</MasterOptionID></Options><Options><SelectedOption>Kitchen GE Refrigerator GSE25H BLK SxS 25 cuft</SelectedOption><MasterOptionID>366684</MasterOptionID></Options><Options><SelectedOption>Master Bath 1 Structural Walk-In Shower/Seat Option</SelectedOption><MasterOptionID>358571</MasterOptionID></Options><Options><Sele
ctedOption>Exterior Elevation A STD</SelectedOption><MasterOptionID>101101101</MasterOptionID></Options><Options><SelectedOption>Exterior Landscaping 4 Sided STD</SelectedOption><MasterOptionID>353367</MasterOptionID></Options><Options><SelectedOption>Master Bath 1 Plumbing Commode Comfort Height STD</SelectedOption><MasterOptionID>353398</MasterOptionID></Options><Options><SelectedOption>Bath 2 Plumbing Commode Comfort Height STD</SelectedOption><MasterOptionID>353399</MasterOptionID></Options><Options><SelectedOption>Kitchen Counter Tops Granite/Quartz 1 STD</SelectedOption><MasterOptionID>353403</MasterOptionID></Options><Options><SelectedOption>Master Bath 1 Counter Tops Bath Vanity Quartz STD</SelectedOption><MasterOptionID>353407</MasterOptionID></Options><Options><SelectedOption>Master Bath 1 Bath Mirror STD</SelectedOption><MasterOptionID>353413</MasterOptionID></Options><Options><SelectedOption>Bath 2 Counter Tops Bath Vanity Quartz STD</SelectedOption><MasterOptionID>353416</MasterOptionID></Options><Options><SelectedOption>Bath 2 Bath Mirror STD</SelectedOption><MasterOptionID>353422</MasterOptionID></Options><Options><SelectedOption>Exterior Elc\Lgt Lighting Package Exterior STD</SelectedOption><MasterOptionID>353432</MasterOptionID></Options><Options><SelectedOption>Interior Elc\Lgt Lighting Package Interior STD</SelectedOption><MasterOptionID>353433</MasterOptionID></Options><Options><SelectedOption>Interior Drywall Options Square Corners STD</SelectedOption><MasterOptionID>353438</MasterOptionID></Options><Options><SelectedOption>Bath 2 Tub and Wall Set Sterling STD</SelectedOption><MasterOptionID>353476</MasterOptionID></Options><Options><SelectedOption>Kitchen Appliances Garbage Disposal  STD</SelectedOption><MasterOptionID>353578</MasterOptionID></Options><Options><SelectedOption>Kitchen Cabinets Level 2</SelectedOption><MasterOptionID>355023</MasterOptionID></Options><Options><SelectedOption>Kitchen Plumbing Sink SS Bowl Undermount 50\50 STD</SelectedOption><MasterOptionID>353372
</MasterOptionID></Options><Options><SelectedOption>Kitchen/Foyer Flooring Ceramic Tile Level 1 STD</SelectedOption><MasterOptionID>353452</MasterOptionID></Options><Options><SelectedOption>Master Bath 1 Flooring Ceramic Tile Level 1 STD</SelectedOption><MasterOptionID>353459</MasterOptionID></Options><Options><SelectedOption>Bath 2 Flooring Ceramic Tile Level 1 STD</SelectedOption><MasterOptionID>353466</MasterOptionID></Options><Options><SelectedOption>Laundry Flooring Ceramic Tile Level 1 STD</SelectedOption><MasterOptionID>353477</MasterOptionID></Options><Options><SelectedOption>Master Suite 1 Flooring Carpet Level 1 STD</SelectedOption><MasterOptionID>353484</MasterOptionID></Options><Options><SelectedOption>Bedroom 2 Flooring Carpet Level 1 STD</SelectedOption><MasterOptionID>353503</MasterOptionID></Options><Options><SelectedOption>Flex Room/ Bedroom 3 Carpet Level 1 STD</SelectedOption><MasterOptionID>353522</MasterOptionID></Options><Options><SelectedOption>Hall By Bath 2 Flooring Ceramic Tile Level 1 STD</SelectedOption><MasterOptionID>353560</MasterOptionID></Options><Options><SelectedOption>Great Room Flooring Ceramic Tile Level 1</SelectedOption><MasterOptionID>353553</MasterOptionID></Options><Options><SelectedOption>Master Bath 1 Walk In Shower Wall Tile Level 2</SelectedOption><MasterOptionID>358573</MasterOptionID></Options><Options><SelectedOption>Lanai Screen Options Screened Lanai on 16" Kick Plate STD</SelectedOption><MasterOptionID>353425</MasterOptionID></Options><Options><SelectedOption>Exterior Color Scheme Shingles 50 Year Dimensional STD</SelectedOption><MasterOptionID>353434</MasterOptionID></Options><Options><SelectedOption>Garage Door 16x7 Solid Door/ Color STD</SelectedOption><MasterOptionID>353441</MasterOptionID></Options><Options><SelectedOption>Master Bath 1 Kohler Alteo 24" Towel Bar K37051-BN</SelectedOption><MasterOptionID>355002</MasterOptionID></Options><Options><SelectedOption>Master Bath 1 Kohler Alteo TP Holder K37054-BN</SelectedOption><MasterOptionID>35
5005</MasterOptionID></Options><Options><SelectedOption>Exterior Color Scheme 61-4</SelectedOption><MasterOptionID>614614614</MasterOptionID></Options><Options><SelectedOption>Exterior Door Hardware Arlington Lever STD</SelectedOption><MasterOptionID>353427</MasterOptionID></Options><Options><SelectedOption>Interior Doors and Hardware Interior Door Hardware Antique Brass STD</SelectedOption><MasterOptionID>353429</MasterOptionID></Options><Options><SelectedOption>Kitchen GE PRM Black Micro Hood, Gas Range,Dish Washer</SelectedOption><MasterOptionID>366666</MasterOptionID></Options><Options><SelectedOption>Kitchen Cabinet Hardware</SelectedOption><MasterOptionID>220157</MasterOptionID></Options><Options><SelectedOption>Exterior Paver Options Pavers For Driveway, Walk and Entry</SelectedOption><MasterOptionID>353369</MasterOptionID></Options><Options><SelectedOption>Interior Window Blinds Group 1 Homes Level 1</SelectedOption><MasterOptionID>220124</MasterOptionID></Options><Options><SelectedOption>Bath 2 Custom Change Option 1</SelectedOption><MasterOptionID>356784</MasterOptionID></Options><Options><SelectedOption>Kitchen Wall Tile Back Splash Level 3</SelectedOption><MasterOptionID>339880</MasterOptionID></Options><Options><SelectedOption>Master Bath 1 Walk In Shower Floor Tile Level 2</SelectedOption><MasterOptionID>358578</MasterOptionID></Options><Options><SelectedOption>Kitchen Cabinets Crown Molding CM (All Styles)</SelectedOption><MasterOptionID>220148</MasterOptionID></Options><Options><SelectedOption>Master Suite 1 Elc\Lgt Recessed Light Regular Flat Trim</SelectedOption><MasterOptionID>346381</MasterOptionID></Options><Options><SelectedOption>Great Room Elc\Lgt Switch Single Pole</SelectedOption><MasterOptionID>356856</MasterOptionID></Options><Options><SelectedOption>Master Suite 1 Elc\Lgt Switch Single Pole</SelectedOption><MasterOptionID>346320</MasterOptionID></Options><Options><SelectedOption>Great Room Elc\Lgt Outlet Duplex Provide Location</SelectedOption><MasterOptionID>356850</Ma
sterOptionID></Options><Options><SelectedOption>Great Room Custom Change Option 1</SelectedOption><MasterOptionID>356839</MasterOptionID></Options><Options><SelectedOption>Bedroom 2 Custom Change Option 1</SelectedOption><MasterOptionID>356804</MasterOptionID></Options><Options><SelectedOption>Bedroom 2 Elc\Lgt Outlet Duplex Provide Location</SelectedOption><MasterOptionID>356815</MasterOptionID></Options><Options><SelectedOption>Great Room Elc\Lgt Recessed Light Regular Flat Trim</SelectedOption><MasterOptionID>356853</MasterOptionID></Options></GarageOrientation></Phaseplan></Lot></Phase></Subdivision><Subdivision><Subdivision>Providence Area 1</Subdivision><Phase><AlphavisionSitePlan>Providence</AlphavisionSitePlan><PhaseName>Lots 1-50</PhaseName><Lot><ID>55800</ID><Block>0</Block><Lot>005</Lot><LotStatus>Sold</LotStatus><LotPremium>35000.00</LotPremium><Phaseplan><MasterPlanID>6619</MasterPlanID><SelectedPlan>Beatrix</SelectedPlan><GarageOrientation><SelectedGarageOrientation>Right</SelectedGarageOrientation><Options><SelectedOption>Bath 2 Plumbing Commode Comfort Height STD</SelectedOption><MasterOptionID>351039</MasterOptionID></Options><Options><SelectedOption>Bath 2 Bath TP,Towel Bar Chrome STD</SelectedOption><MasterOptionID>351041</MasterOptionID></Options><Options><SelectedOption>Bath 2 Flooring Tile on Diagonal or Staggered</SelectedOption><MasterOptionID>351222</MasterOptionID></Options><Options><SelectedOption>Breakfast Flooring Tile on Diagonal or Staggered</SelectedOption><MasterOptionID>351351</MasterOptionID></Options><Options><SelectedOption>Flex Flooring Tile on Diagonal or Staggered for - Flex\Bedroom 3</SelectedOption><MasterOptionID>351369</MasterOptionID></Options><Options><SelectedOption>Foyer Flooring Tile on Diagonal or Staggered</SelectedOption><MasterOptionID>351275</MasterOptionID></Options><Options><SelectedOption>Hall by Bath 2 Flooring Tile on Diagonal or Staggered</SelectedOption><MasterOptionID>351396</MasterOptionID></Options><Options><SelectedOption>Kitchen Floo
ring Tile on Diagonal or Staggered</SelectedOption><MasterOptionID>351194</MasterOptionID></Options><Options><SelectedOption>Laundry Flooring Tile on Diagonal or Staggered</SelectedOption><MasterOptionID>351282</MasterOptionID></Options><Options><SelectedOption>Living Room Flooring Tile on Diagonal or Staggered</SelectedOption><MasterOptionID>351389</MasterOptionID></Options><Options><SelectedOption>Master Bath 1 Flooring Tile on Diagonal or Staggered</SelectedOption><MasterOptionID>351215</MasterOptionID></Options><Options><SelectedOption>Master Suite 1 Flooring Tile on Diagonal or Staggered</SelectedOption><MasterOptionID>351301</MasterOptionID></Options><Options><SelectedOption>Owner Entry Flooring Tile on Diagonal or Staggered</SelectedOption><MasterOptionID>351208</MasterOptionID></Options><Options><SelectedOption>Bath 2 Custom Change Option 1</SelectedOption><MasterOptionID>351478</MasterOptionID></Options><Options><SelectedOption>Bath 2 Custom Change Option 2</SelectedOption><MasterOptionID>351479</MasterOptionID></Options><Options><SelectedOption>Exterior Elevation Landscaping 3 Sided STD</SelectedOption><MasterOptionID>351025</MasterOptionID></Options><Options><SelectedOption>Exterior Paver\Concrete Options Pavers For Driveway, Walk and Entry</SelectedOption><MasterOptionID>351028</MasterOptionID></Options><Options><SelectedOption>Exterior Door Hardware Arlington Lever STD</SelectedOption><MasterOptionID>351158</MasterOptionID></Options><Options><SelectedOption>Garage Golf Cart Garage Door 6x7 Option</SelectedOption><MasterOptionID>351181</MasterOptionID></Options><Options><SelectedOption>Garage Coach Light Add 3rd #P5682 For Golf Door Opt</SelectedOption><MasterOptionID>352582</MasterOptionID></Options><Options><SelectedOption>Exterior Custom Change Option 1</SelectedOption><MasterOptionID>346251</MasterOptionID></Options><Options><SelectedOption>Exterior Paver\Concrete Options Pavers at Lanai</SelectedOption><MasterOptionID>351027</MasterOptionID></Options><Options><SelectedOption>Flex D
oors and Hardware Double Doors Full Glass for Flex Room Opt 4080</SelectedOption><MasterOptionID>351155</MasterOptionID></Options><Options><SelectedOption>Flex Elc\Lgt Recessed Light Regular Flat Trim</SelectedOption><MasterOptionID>351662</MasterOptionID></Options><Options><SelectedOption>Flex Elc\Lgt Switch Single Pole</SelectedOption><MasterOptionID>351665</MasterOptionID></Options><Options><SelectedOption>Garage Door 16x7 Solid Door/ Color STD</SelectedOption><MasterOptionID>351180</MasterOptionID></Options><Options><SelectedOption>Interior Door Hardware\Hinges Satin Nickel</SelectedOption><MasterOptionID>351161</MasterOptionID></Options><Options><SelectedOption>Interior Elc\Lgt Lighting Package Interior STD</SelectedOption><MasterOptionID>351164</MasterOptionID></Options><Options><SelectedOption>Interior Custom Change Option 1</SelectedOption><MasterOptionID>346254</MasterOptionID></Options><Options><SelectedOption>Kitchen Opt 1-5-1 Wall Oven Combo\36" Cook Top\36" Range Hood</SelectedOption><MasterOptionID>351066</MasterOptionID></Options><Options><SelectedOption>Kitchen Cabinets Harmony\Millbrook Maple Staggered Opt 1-5-1</SelectedOption><MasterOptionID>351069</MasterOptionID></Options><Options><SelectedOption>Kitchen Custom Change Option 1</SelectedOption><MasterOptionID>346255</MasterOptionID></Options><Options><SelectedOption>Kitchen Counter Tops Cambria Quartz Opt 1-5-1</SelectedOption><MasterOptionID>351076</MasterOptionID></Options><Options><SelectedOption>Kitchen Refrig Side by Side SS 25 cf WRS325FDA</SelectedOption><MasterOptionID>331252</MasterOptionID></Options><Options><SelectedOption>Kitchen Cabinets Crown Molding CM (All Styles)</SelectedOption><MasterOptionID>220148</MasterOptionID></Options><Options><SelectedOption>Kitchen Appliances Garbage Disposal GC2000 PE STD</SelectedOption><MasterOptionID>351709</MasterOptionID></Options><Options><SelectedOption>Kitchen Crown Molding for Kitchen\Dining\Living\FoyerHall</SelectedOption><MasterOptionID>351710</MasterOptionID></Options><O
ptions><SelectedOption>Kitchen Sink Stainless Steel Single Bowl Undermount</SelectedOption><MasterOptionID>339454</MasterOptionID></Options><Options><SelectedOption>Kitchen PRM Dishwasher SS WDF520PAD  \ 52 decibel</SelectedOption><MasterOptionID>331273</MasterOptionID></Options><Options><SelectedOption>Kitchen SS Gas Ck Tp 36"WCG51US6OS Hood 36"UXT4236ADS ILO 36" WH PRM</SelectedOption><MasterOptionID>341878</MasterOptionID></Options><Options><SelectedOption>Kitchen Custom Change Option 2</SelectedOption><MasterOptionID>346264</MasterOptionID></Options><Options><SelectedOption>Kitchen Wall Oven/ Microwave Combo WOC54ECOA SS  ILO White PRM</SelectedOption><MasterOptionID>354769</MasterOptionID></Options><Options><SelectedOption>Kitchen Plumbing Faucet Kohler K-560-VS "Bellera" Vibrant Stainless</SelectedOption><MasterOptionID>352969</MasterOptionID></Options><Options><SelectedOption>Kitchen Pot Filler\ Rgh Plumb Kohler K99270-VS Vib Stainless</SelectedOption><MasterOptionID>352896</MasterOptionID></Options><Options><SelectedOption>Lanai Screen Options Screened Lanai on 16" Kick Plate STD</SelectedOption><MasterOptionID>351152</MasterOptionID></Options><Options><SelectedOption>Kitchen Cabinet Hardware</SelectedOption><MasterOptionID>220157</MasterOptionID></Options><Options><SelectedOption>Laundry Cabinets Hampton Maple Square Upper Over WD</SelectedOption><MasterOptionID>351092</MasterOptionID></Options><Options><SelectedOption>Laundry Cabinets Hampton Maple Base</SelectedOption><MasterOptionID>352651</MasterOptionID></Options><Options><SelectedOption>Laundry Counter Tops Granite/Quartz 1</SelectedOption><MasterOptionID>352657</MasterOptionID></Options><Options><SelectedOption>Owner Entry Cabinets Hampton Maple 24" Base</SelectedOption><MasterOptionID>351098</MasterOptionID></Options><Options><SelectedOption>Owner Entry Counter Tops 24" Granite/Quartz 1</SelectedOption><MasterOptionID>351108</MasterOptionID></Options><Options><SelectedOption>Laundry Tub and Faucet (Select when PrePlumb-Standard)</S
electedOption><MasterOptionID>220195</MasterOptionID></Options><Options><SelectedOption>Laundry Doors and Hardware Interior Door HCC 2880 or 2868</SelectedOption><MasterOptionID>339225</MasterOptionID></Options><Options><SelectedOption>Living Room Custom Change Option 1</SelectedOption><MasterOptionID>351685</MasterOptionID></Options><Options><SelectedOption>Living Room Elc\Lgt Recessed Light Regular Flat Trim</SelectedOption><MasterOptionID>351698</MasterOptionID></Options><Options><SelectedOption>Living Room Elc\Lgt Switch Single Pole</SelectedOption><MasterOptionID>351701</MasterOptionID></Options><Options><SelectedOption>Master Bath 1 Plumbing Commode Comfort Height STD</SelectedOption><MasterOptionID>351037</MasterOptionID></Options><Options><SelectedOption>Master Bath 1 Bath TP,Towel Bar Chrome STD</SelectedOption><MasterOptionID>351038</MasterOptionID></Options><Options><SelectedOption>Master Bath 1 Bath Mirror STD</SelectedOption><MasterOptionID>351131</MasterOptionID></Options><Options><SelectedOption>Master Bath 1 Shower Doors Shower Door Chrome Clear</SelectedOption><MasterOptionID>351238</MasterOptionID></Options><Options><SelectedOption>Master Bath 1 Counter Tops Bath Vanity Quartz STD</SelectedOption><MasterOptionID>351122</MasterOptionID></Options><Options><SelectedOption>Bath 2 Custom Change Option 3</SelectedOption><MasterOptionID>351480</MasterOptionID></Options><Options><SelectedOption>Master Bath 1 Custom Change Option 2</SelectedOption><MasterOptionID>346267</MasterOptionID></Options><Options><SelectedOption>Master Bath 1 Custom Change Option 3</SelectedOption><MasterOptionID>346276</MasterOptionID></Options><Options><SelectedOption>Master Bath 1 Custom Change Option 4</SelectedOption><MasterOptionID>346285</MasterOptionID></Options><Options><SelectedOption>Master Suite 1 Crown Molding</SelectedOption><MasterOptionID>351711</MasterOptionID></Options><Options><SelectedOption>Master Suite 1 Elc\Lgt Switch Single Pole</SelectedOption><MasterOptionID>346320</MasterOptionID></Option
s><Options><SelectedOption>Master Suite 1 Elc\Lgt Recessed Light Regular Flat Trim</SelectedOption><MasterOptionID>346381</MasterOptionID></Options><Options><SelectedOption>Garage Elc\Lgt Outlet GFI Interior Wet Area or Garage</SelectedOption><MasterOptionID>346321</MasterOptionID></Options><Options><SelectedOption>Exterior Elevation B</SelectedOption><MasterOptionID>102102102</MasterOptionID></Options><Options><SelectedOption>Exterior Elc\Lgt Coach Lights (2) Premier</SelectedOption><MasterOptionID>351405</MasterOptionID></Options><Options><SelectedOption>Exterior Paver\Concrete Opt Paver Patio Off Lanai 10'x19'</SelectedOption><MasterOptionID>354916</MasterOptionID></Options><Options><SelectedOption>Master Bath 1 Custom Change Option 1</SelectedOption><MasterOptionID>346258</MasterOptionID></Options><Options><SelectedOption>Exterior Color Scheme 84-2</SelectedOption><MasterOptionID>842842842</MasterOptionID></Options><Options><SelectedOption>Interior Drywall Options Round Corners</SelectedOption><MasterOptionID>351175</MasterOptionID></Options><Options><SelectedOption>Interior Custom Change Option 2</SelectedOption><MasterOptionID>346263</MasterOptionID></Options><Options><SelectedOption>Exterior Color Scheme Shingles 50 Year Dimensional STD</SelectedOption><MasterOptionID>351170</MasterOptionID></Options><Options><SelectedOption>Bath 2 Flooring Ceramic Tile Level 4</SelectedOption><MasterOptionID>351220</MasterOptionID></Options><Options><SelectedOption>Bedroom 2 Flooring Ceramic Tile Level 4</SelectedOption><MasterOptionID>351329</MasterOptionID></Options><Options><SelectedOption>Bedroom 2 Flooring Tile on Diagonal or Staggered</SelectedOption><MasterOptionID>351331</MasterOptionID></Options><Options><SelectedOption>Breakfast Flooring Ceramic Tile Level 4</SelectedOption><MasterOptionID>351349</MasterOptionID></Options><Options><SelectedOption>Flex Flooring Ceramic Tile Level 4 for Flex Room - Flex\Bedroom 3</SelectedOption><MasterOptionID>351367</MasterOptionID></Options><Options><SelectedOpti
on>Foyer Flooring Ceramic Tile Level 4</SelectedOption><MasterOptionID>351273</MasterOptionID></Options><Options><SelectedOption>Hall By Bath 2 Flooring Ceramic Tile Level 4</SelectedOption><MasterOptionID>351394</MasterOptionID></Options><Options><SelectedOption>Laundry Flooring Ceramic Tile Level 4</SelectedOption><MasterOptionID>351280</MasterOptionID></Options><Options><SelectedOption>Living Room Flooring Ceramic Tile Level 4</SelectedOption><MasterOptionID>351387</MasterOptionID></Options><Options><SelectedOption>Master Bath 1 Flooring Ceramic Tile Level 4</SelectedOption><MasterOptionID>351213</MasterOptionID></Options><Options><SelectedOption>Master Suite 1 Flooring Ceramic Tile Level 4</SelectedOption><MasterOptionID>351299</MasterOptionID></Options><Options><SelectedOption>Owner Entry Flooring Ceramic Tile Level 4</SelectedOption><MasterOptionID>351206</MasterOptionID></Options><Options><SelectedOption>Kitchen Flooring Ceramic Tile Level 4</SelectedOption><MasterOptionID>351192</MasterOptionID></Options><Options><SelectedOption>Special Promotion 2</SelectedOption><MasterOptionID>318598</MasterOptionID></Options></GarageOrientation></Phaseplan></Lot></Phase><Phase><AlphavisionSitePlan>Providence</AlphavisionSitePlan><PhaseName>Lots 83-103</PhaseName><Lot><ID>49044</ID><Block>000</Block><Lot>086</Lot><LotStatus>Sold</LotStatus><LotPremium>2500.00</LotPremium><Phaseplan><MasterPlanID>6618</MasterPlanID><SelectedPlan>Ariana</SelectedPlan><GarageOrientation><SelectedGarageOrientation>Left</SelectedGarageOrientation><Options><SelectedOption>Build Time Time To Build</SelectedOption><MasterOptionID>317134</MasterOptionID></Options><Options><SelectedOption>Special Promotion Choice Bucks</SelectedOption><MasterOptionID>317055</MasterOptionID></Options><Options><SelectedOption>Special Promotion 1</SelectedOption><MasterOptionID>334662</MasterOptionID></Options><Options><SelectedOption>Bath 2 Flooring Tile on Diagonal or Staggered</SelectedOption><MasterOptionID>350508</MasterOptionID></Options><Optio
ns><SelectedOption>Bath 2 Tub Wrap Wall Tile Level 2</SelectedOption><MasterOptionID>355146</MasterOptionID></Options><Options><SelectedOption>Bath 2 Bath Shampoo Niche Tiled 12"x14" (Note Location)</SelectedOption><MasterOptionID>357995</MasterOptionID></Options><Options><SelectedOption>Master Bath 1 Flooring Ceramic Tile Level 3</SelectedOption><MasterOptionID>350498</MasterOptionID></Options><Options><SelectedOption>Master Bath 1 Shower Wall Tile Level 2</SelectedOption><MasterOptionID>356087</MasterOptionID></Options><Options><SelectedOption>Master Bath 1 Bath Tiled 12"x14" Shampoo Niche, Note Location</SelectedOption><MasterOptionID>346949</MasterOptionID></Options><Options><SelectedOption>Kitchen Flooring Tile on Diagonal or Staggered</SelectedOption><MasterOptionID>350480</MasterOptionID></Options><Options><SelectedOption>Owner Entry Flooring Tile on Diagonal or Staggered</SelectedOption><MasterOptionID>350494</MasterOptionID></Options><Options><SelectedOption>Foyer Flooring Tile on Diagonal or Staggered</SelectedOption><MasterOptionID>350561</MasterOptionID></Options><Options><SelectedOption>Laundry Flooring Tile on Diagonal or Staggered</SelectedOption><MasterOptionID>350568</MasterOptionID></Options><Options><SelectedOption>Great Room Flooring Tile on Diagonal or Staggered incl Master Hall</SelectedOption><MasterOptionID>350675</MasterOptionID></Options><Options><SelectedOption>Hall by Bath 2 Flooring Tile on Diagonal or Staggered</SelectedOption><MasterOptionID>350682</MasterOptionID></Options><Options><SelectedOption>Kitchen Cabinets Crown Molding CM (All Styles)</SelectedOption><MasterOptionID>220148</MasterOptionID></Options><Options><SelectedOption>Kitchen Super Lazy Susan Shelves corner Base (All Styles)</SelectedOption><MasterOptionID>341921</MasterOptionID></Options><Options><SelectedOption>Master Bath 1 Shower Floor Tile Level 3</SelectedOption><MasterOptionID>356129</MasterOptionID></Options><Options><SelectedOption>Kitchen Wall Tile Back Splash Level 6</SelectedOption><MasterOp
tionID>333254</MasterOptionID></Options><Options><SelectedOption>Kitchen Opt 1-4-6 Wall Oven Combo\36" Cook Top\36" Range Hood</SelectedOption><MasterOptionID>350348</MasterOptionID></Options><Options><SelectedOption>Kitchen Cabinets Level 2 Staggered Opt 1-4-6</SelectedOption><MasterOptionID>350349</MasterOptionID></Options><Options><SelectedOption>Kitchen Counter Tops Granite/Quartz 3 Opt 1-4-6</SelectedOption><MasterOptionID>350361</MasterOptionID></Options><Options><SelectedOption>Interior Crown Molding for Kitchen\Great Room\Foyer\Master Hall</SelectedOption><MasterOptionID>351011</MasterOptionID></Options><Options><SelectedOption>Garage Door 16x7 Add Glass Lites</SelectedOption><MasterOptionID>350463</MasterOptionID></Options><Options><SelectedOption>Exterior Custom Change Option 1</SelectedOption><MasterOptionID>346251</MasterOptionID></Options><Options><SelectedOption>Exterior Elc\Lgt Coach Lights (2) Premier</SelectedOption><MasterOptionID>351007</MasterOptionID></Options><Options><SelectedOption>Interior Doors</SelectedOption><MasterOptionID>350442</MasterOptionID></Options><Options><SelectedOption>Interior Door Hardware\Hinges Satin Nickel</SelectedOption><MasterOptionID>350446</MasterOptionID></Options><Options><SelectedOption>Bedroom 2 Flooring Carpet Level 2</SelectedOption><MasterOptionID>350620</MasterOptionID></Options><Options><SelectedOption>Master Suite 1 Flooring Carpet Level 2</SelectedOption><MasterOptionID>350571</MasterOptionID></Options><Options><SelectedOption>Kitchen Plumbing Faucet Kohler K-560-VS "Bellera" Vibrant Stainless</SelectedOption><MasterOptionID>352947</MasterOptionID></Options><Options><SelectedOption>Bath 2 Kohler Alteo 24" Towel Bar K37051-BN</SelectedOption><MasterOptionID>355240</MasterOptionID></Options><Options><SelectedOption>Bath 2 Kohler Alteo TP Holder K37054-BN</SelectedOption><MasterOptionID>355243</MasterOptionID></Options><Options><SelectedOption>Master Bath 1 Kohler Alteo 24" Towel Bar K37051-BN</SelectedOption><MasterOptionID>355002</MasterOp
tionID></Options><Options><SelectedOption>Master Bath 1 Kohler Alteo TP Holder K37054-BN</SelectedOption><MasterOptionID>355005</MasterOptionID></Options><Options><SelectedOption>Master Bath 1 Plumbing Shower Faucet ALTEO Br Nickel Opt 1</SelectedOption><MasterOptionID>350328</MasterOptionID></Options><Options><SelectedOption>Kitchen Plumbing Sink SS Bowl Undermount 50\50 STD</SelectedOption><MasterOptionID>350313</MasterOptionID></Options><Options><SelectedOption>Kitchen Waste Basket Double Wire (18"\ 21" Base) \ All Styles</SelectedOption><MasterOptionID>339464</MasterOptionID></Options><Options><SelectedOption>Kitchen GE PRM Grmet 36" Cooktop/Hood, Wall Oven/Micro.Cmbo,DW S/S STD</SelectedOption><MasterOptionID>366696</MasterOptionID></Options><Options><SelectedOption>Laundry GE Washer GTW490AC White w/Silver Backsplash</SelectedOption><MasterOptionID>366738</MasterOptionID></Options><Options><SelectedOption>Laundry GE Dryer Gas GTD65GBS White w/Silver Backsplash</SelectedOption><MasterOptionID>366744</MasterOptionID></Options><Options><SelectedOption>Kitchen Whole House Cabinet Hardware Level 2</SelectedOption><MasterOptionID>347847</MasterOptionID></Options><Options><SelectedOption>Exterior Color Scheme 53-2</SelectedOption><MasterOptionID>532532532</MasterOptionID></Options><Options><SelectedOption>Kitchen Appliances Garbage Disposal  STD</SelectedOption><MasterOptionID>351010</MasterOptionID></Options><Options><SelectedOption>Garage Door 16x7 Solid Door/ Color STD</SelectedOption><MasterOptionID>350465</MasterOptionID></Options><Options><SelectedOption>Interior Drywall Options Square Corners STD</SelectedOption><MasterOptionID>350459</MasterOptionID></Options><Options><SelectedOption>Exterior Color Scheme Shingles 50 Year Dimensional STD</SelectedOption><MasterOptionID>350455</MasterOptionID></Options><Options><SelectedOption>Interior Elc\Lgt Lighting Package Interior STD</SelectedOption><MasterOptionID>350449</MasterOptionID></Options><Options><SelectedOption>Exterior Elc\Lgt Lighting Packa
ge Exterior STD</SelectedOption><MasterOptionID>350448</MasterOptionID></Options><Options><SelectedOption>Exterior Door Hardware Arlington Lever STD</SelectedOption><MasterOptionID>350443</MasterOptionID></Options><Options><SelectedOption>Lanai Screen Options Screened Lanai on 16" Kick Plate STD</SelectedOption><MasterOptionID>350438</MasterOptionID></Options><Options><SelectedOption>Bath 2 Bath Mirror STD</SelectedOption><MasterOptionID>350433</MasterOptionID></Options><Options><SelectedOption>Master Bath 1 Bath Mirror STD</SelectedOption><MasterOptionID>350418</MasterOptionID></Options><Options><SelectedOption>Bath 2 Plumbing Commode Comfort Height STD</SelectedOption><MasterOptionID>350320</MasterOptionID></Options><Options><SelectedOption>Master Bath 1 Plumbing Commode Comfort Height STD</SelectedOption><MasterOptionID>350318</MasterOptionID></Options><Options><SelectedOption>Exterior Landscaping 4 Sided w/ Opt A Buffer STD</SelectedOption><MasterOptionID>350305</MasterOptionID></Options><Options><SelectedOption>Laundry Cabinets Level 2 Upper Over WD</SelectedOption><MasterOptionID>350374</MasterOptionID></Options><Options><SelectedOption>Laundry Cabinets Level 2 Base</SelectedOption><MasterOptionID>358491</MasterOptionID></Options><Options><SelectedOption>Owner Entry Cabinets Level 2  24" Base</SelectedOption><MasterOptionID>350379</MasterOptionID></Options><Options><SelectedOption>Master Bath 1 Shower Doors Shower Door Frameless Clear\ Rain Glass</SelectedOption><MasterOptionID>350525</MasterOptionID></Options><Options><SelectedOption>Kitchen GE Refrigerator PYE22K S/S French Dr 22.1 cuft</SelectedOption><MasterOptionID>366691</MasterOptionID></Options><Options><SelectedOption>Laundry Doors Interior Door HCC 2880 or 2868</SelectedOption><MasterOptionID>339225</MasterOptionID></Options><Options><SelectedOption>Master Bath 1 Counter Tops Granite/Quartz 2</SelectedOption><MasterOptionID>350415</MasterOptionID></Options><Options><SelectedOption>Bath 2 Counter Tops Granite/Quartz 2</SelectedOption
><MasterOptionID>350430</MasterOptionID></Options><Options><SelectedOption>Interior Window Blinds Group 1 Homes Level 1</SelectedOption><MasterOptionID>220124</MasterOptionID></Options><Options><SelectedOption>Flex Flooring Tile on Diagonal or Staggered for Flex Room</SelectedOption><MasterOptionID>350655</MasterOptionID></Options><Options><SelectedOption>Exterior Elevation B</SelectedOption><MasterOptionID>102102102</MasterOptionID></Options><Options><SelectedOption>Owner Entry Counter Tops 24" Granite/Quartz 2</SelectedOption><MasterOptionID>350390</MasterOptionID></Options><Options><SelectedOption>Laundry Counter Tops Granite/Quartz 2</SelectedOption><MasterOptionID>358498</MasterOptionID></Options><Options><SelectedOption>Laundry Tub Drop In (Sterling) and Faucet (Kohler)</SelectedOption><MasterOptionID>354351</MasterOptionID></Options><Options><SelectedOption>Bath 2 Flooring Ceramic Tile Level 3</SelectedOption><MasterOptionID>350505</MasterOptionID></Options><Options><SelectedOption>Kitchen Flooring Ceramic Tile Level 3</SelectedOption><MasterOptionID>350477</MasterOptionID></Options><Options><SelectedOption>Owner Entry Flooring Ceramic Tile Level 3</SelectedOption><MasterOptionID>350491</MasterOptionID></Options><Options><SelectedOption>Foyer Flooring Ceramic Tile Level 3</SelectedOption><MasterOptionID>350558</MasterOptionID></Options><Options><SelectedOption>Laundry Flooring Ceramic Tile Level 3</SelectedOption><MasterOptionID>350565</MasterOptionID></Options><Options><SelectedOption>Great Room Flooring Ceramic Tile Level 3 including Master Hall</SelectedOption><MasterOptionID>350672</MasterOptionID></Options><Options><SelectedOption>Hall by Bath 2 Flooring Ceramic Tile Level 3</SelectedOption><MasterOptionID>350679</MasterOptionID></Options><Options><SelectedOption>Bath 2 Shower Wall Tile Listello Level 5</SelectedOption><MasterOptionID>333261</MasterOptionID></Options><Options><SelectedOption>Kitchen Elc\Lgt Under/Over Cabinet Lighting  LED Tape Ariana Kitchen</SelectedOption><MasterOpti
onID>350453</MasterOptionID></Options><Options><SelectedOption>Flex Flooring Ceramic Tile Level 3 for Flex Room</SelectedOption><MasterOptionID>350652</MasterOptionID></Options></GarageOrientation></Phaseplan></Lot></Phase></Subdivision><Subdivision><Subdivision>Windsor</Subdivision><Phase><AlphavisionSitePlan>Windsor West</AlphavisionSitePlan><PhaseName>West Phase 1</PhaseName><Lot><ID>49083</ID><Block>000</Block><Lot>010</Lot><LotStatus>Sold</LotStatus><LotPremium>30000.00</LotPremium><Phaseplan><MasterPlanID>6628</MasterPlanID><SelectedPlan>Aragon</SelectedPlan><GarageOrientation><SelectedGarageOrientation>Right</SelectedGarageOrientation><Options><SelectedOption>Special Promotion 1</SelectedOption><MasterOptionID>334662</MasterOptionID></Options><Options><SelectedOption>Bath 2 Tub Wrap Wall Tile Level 1 STD</SelectedOption><MasterOptionID>357191</MasterOptionID></Options><Options><SelectedOption>Special Promotion Choice Bucks</SelectedOption><MasterOptionID>317055</MasterOptionID></Options><Options><SelectedOption>Kitchen Cabinets Crown Molding Shaker  (All Styles)</SelectedOption><MasterOptionID>364809</MasterOptionID></Options><Options><SelectedOption>Kitchen Cabinets Staggered Level 4</SelectedOption><MasterOptionID>357946</MasterOptionID></Options><Options><SelectedOption>Kitchen Top Edge Upgrade For 3CM Granite/ Quartz Tops</SelectedOption><MasterOptionID>364772</MasterOptionID></Options><Options><SelectedOption>Flex Elc\Lgt Fan\Light Prewire w\(2) Switches</SelectedOption><MasterOptionID>357256</MasterOptionID></Options><Options><SelectedOption>Kitchen Plumbing Sink SS Bowl Undermount 50\50 STD</SelectedOption><MasterOptionID>357023</MasterOptionID></Options><Options><SelectedOption>Kitchen Appliances Garbage Disposal  STD</SelectedOption><MasterOptionID>357316</MasterOptionID></Options><Options><SelectedOption>Kitchen Plumbing Faucet Kohler K-10433-CP "Forte" Chrome</SelectedOption><MasterOptionID>357028</MasterOptionID></Options><Options><SelectedOption>Kitchen GE PRM Stainless Steel Mi
cro Hood, Gas Range,Dish Washer</SelectedOption><MasterOptionID>366665</MasterOptionID></Options><Options><SelectedOption>Kitchen Counter Tops Granite/Quartz 2</SelectedOption><MasterOptionID>357776</MasterOptionID></Options><Options><SelectedOption>Kitchen GE PRM  Dishwasher GDT695S S/S</SelectedOption><MasterOptionID>366671</MasterOptionID></Options><Options><SelectedOption>Kitchen Waste Basket Double Top Mount w\attached door(18\21\24" Base)</SelectedOption><MasterOptionID>339229</MasterOptionID></Options><Options><SelectedOption>Kitchen Cabinets Glass Doors - Solid Glass</SelectedOption><MasterOptionID>339238</MasterOptionID></Options><Options><SelectedOption>Kitchen Wall Tile Back Splash Level 4</SelectedOption><MasterOptionID>358514</MasterOptionID></Options><Options><SelectedOption>Master Bath 1 Plumbing Commode Comfort Height STD</SelectedOption><MasterOptionID>357049</MasterOptionID></Options><Options><SelectedOption>Bath 2 Plumbing Commode Comfort Height STD</SelectedOption><MasterOptionID>357051</MasterOptionID></Options><Options><SelectedOption>Bath 2 Flooring Ceramic Tile Level 4</SelectedOption><MasterOptionID>357813</MasterOptionID></Options><Options><SelectedOption>Bath 2 Flooring Tile on Diagonal or Staggered</SelectedOption><MasterOptionID>357815</MasterOptionID></Options><Options><SelectedOption>Bedroom 2 Flooring Ceramic Tile Level 4</SelectedOption><MasterOptionID>357872</MasterOptionID></Options><Options><SelectedOption>Bedroom 2 Flooring Tile on Diagonal or Staggered</SelectedOption><MasterOptionID>357874</MasterOptionID></Options><Options><SelectedOption>Flex Room/ Bedroom 3 Ceramic Tile Level 4</SelectedOption><MasterOptionID>357892</MasterOptionID></Options><Options><SelectedOption>Flex Room/ Bedroom 3 Tile on Diagonal or Staggered</SelectedOption><MasterOptionID>357894</MasterOptionID></Options><Options><SelectedOption>Foyer Flooring Ceramic Tile Level 4</SelectedOption><MasterOptionID>357827</MasterOptionID></Options><Options><SelectedOption>Foyer Flooring Tile on Diagon
al or Staggered</SelectedOption><MasterOptionID>357829</MasterOptionID></Options><Options><SelectedOption>Great Room Flooring Ceramic Tile Level 4</SelectedOption><MasterOptionID>357911</MasterOptionID></Options><Options><SelectedOption>Great Room Flooring Tile on Diagonal or Staggered</SelectedOption><MasterOptionID>357913</MasterOptionID></Options><Options><SelectedOption>Hall By Bath 2 Flooring Ceramic Tile Level 4</SelectedOption><MasterOptionID>357918</MasterOptionID></Options><Options><SelectedOption>Hall by Bath 2 Flooring Tile on Diagonal or Staggered</SelectedOption><MasterOptionID>357920</MasterOptionID></Options><Options><SelectedOption>Kitchen/Nook Flooring Ceramic Tile Level 4</SelectedOption><MasterOptionID>357799</MasterOptionID></Options><Options><SelectedOption>Kitchen/Nook Flooring Tile on Diagonal or Staggered</SelectedOption><MasterOptionID>357801</MasterOptionID></Options><Options><SelectedOption>Laundry Flooring Ceramic Tile Level 4</SelectedOption><MasterOptionID>357834</MasterOptionID></Options><Options><SelectedOption>Laundry Flooring Tile on Diagonal or Staggered</SelectedOption><MasterOptionID>357836</MasterOptionID></Options><Options><SelectedOption>Master Bath 1 Flooring Ceramic Tile Level 4</SelectedOption><MasterOptionID>357806</MasterOptionID></Options><Options><SelectedOption>Master Bath 1 Flooring Tile on Diagonal or Staggered</SelectedOption><MasterOptionID>357808</MasterOptionID></Options><Options><SelectedOption>Master Suite 1 Flooring Ceramic Tile Level 4</SelectedOption><MasterOptionID>357853</MasterOptionID></Options><Options><SelectedOption>Master Suite 1 Flooring Tile on Diagonal or Staggered</SelectedOption><MasterOptionID>357855</MasterOptionID></Options><Options><SelectedOption>Bath 2 Counter Tops Granite/Quartz 3</SelectedOption><MasterOptionID>357787</MasterOptionID></Options><Options><SelectedOption>Master Bath 1 Counter Tops Granite/Quartz 4</SelectedOption><MasterOptionID>357783</MasterOptionID></Options><Options><SelectedOption>Bath 2 Bath TP, Towe
l Bar Chrome STD</SelectedOption><MasterOptionID>357052</MasterOptionID></Options><Options><SelectedOption>Master Bath 1 Plumbing Shower Faucet ALTEO Chrome Opt 1</SelectedOption><MasterOptionID>357132</MasterOptionID></Options><Options><SelectedOption>Bath 2 Bath Mirror Beveled Edge</SelectedOption><MasterOptionID>357156</MasterOptionID></Options><Options><SelectedOption>Bath 2 Kohler Alteo Towel Ring K37057-CP</SelectedOption><MasterOptionID>357065</MasterOptionID></Options><Options><SelectedOption>Master Bath 1 Custom Change Option 1</SelectedOption><MasterOptionID>346258</MasterOptionID></Options><Options><SelectedOption>Master Bath 1 Bath TP,Towel Bar Chrome STD</SelectedOption><MasterOptionID>357050</MasterOptionID></Options><Options><SelectedOption>Master Bath 1 Bath Mirror Beveled Edge</SelectedOption><MasterOptionID>357152</MasterOptionID></Options><Options><SelectedOption>Interior Door Hardware\Hinges Satin Nickel</SelectedOption><MasterOptionID>357163</MasterOptionID></Options><Options><SelectedOption>Interior Doors</SelectedOption><MasterOptionID>360273</MasterOptionID></Options><Options><SelectedOption>Exterior Elevation A STD</SelectedOption><MasterOptionID>101101101</MasterOptionID></Options><Options><SelectedOption>Exterior Elc\Lgt Lighting Package Exterior STD</SelectedOption><MasterOptionID>357165</MasterOptionID></Options><Options><SelectedOption>Exterior Color Scheme Shingles 50 Year Dimensional STD</SelectedOption><MasterOptionID>357167</MasterOptionID></Options><Options><SelectedOption>Garage Door 16x7 Solid Door/ Color STD</SelectedOption><MasterOptionID>357174</MasterOptionID></Options><Options><SelectedOption>Exterior Elc\Lgt Coach Lights (2) Premier</SelectedOption><MasterOptionID>357284</MasterOptionID></Options><Options><SelectedOption>Exterior Paver Options Pavers For Driveway, Walk and Entry</SelectedOption><MasterOptionID>357019</MasterOptionID></Options><Options><SelectedOption>Interior 5 1/4" Base Boards Upgrade</SelectedOption><MasterOptionID>323782</MasterOptionID
></Options><Options><SelectedOption>Interior Crown Molding for Kitchen/Nook/Great Room/Flex Room/Foyer</SelectedOption><MasterOptionID>357317</MasterOptionID></Options><Options><SelectedOption>Flex Room Doors and Hardware DBL French Doors 6080 Full Glass Opt</SelectedOption><MasterOptionID>357954</MasterOptionID></Options><Options><SelectedOption>Great Room Opt Tray Includes Crown Molding</SelectedOption><MasterOptionID>357320</MasterOptionID></Options><Options><SelectedOption>Master Bath 1 Bath Tiled 12"x14" Shampoo Niche, Note Location</SelectedOption><MasterOptionID>346949</MasterOptionID></Options><Options><SelectedOption>Master Suite 1 Crown Molding</SelectedOption><MasterOptionID>357318</MasterOptionID></Options><Options><SelectedOption>Master Suite 1 Opt Tray Includes Crown Molding</SelectedOption><MasterOptionID>357319</MasterOptionID></Options><Options><SelectedOption>Exterior Color Scheme 92-5</SelectedOption><MasterOptionID>925925925</MasterOptionID></Options><Options><SelectedOption>Exterior Landscaping 4 Sided w/ Opt A Buffer STD</SelectedOption><MasterOptionID>357016</MasterOptionID></Options><Options><SelectedOption>Lanai Screen Options Screened Lanai on 24" Masonry Wall</SelectedOption><MasterOptionID>357159</MasterOptionID></Options><Options><SelectedOption>Interior Elc\Lgt Lighting Package Interior STD</SelectedOption><MasterOptionID>357166</MasterOptionID></Options><Options><SelectedOption>Interior Drywall Options Square Corners STD</SelectedOption><MasterOptionID>357171</MasterOptionID></Options><Options><SelectedOption>Interior Custom Change Option 1</SelectedOption><MasterOptionID>346254</MasterOptionID></Options><Options><SelectedOption>Kitchen GE Refrigerator PYE22K S/S French Dr 22.1 cuft</SelectedOption><MasterOptionID>366691</MasterOptionID></Options><Options><SelectedOption>Exterior Door Hardware Chelsea Oval or Hawthorne Square</SelectedOption><MasterOptionID>357161</MasterOptionID></Options><Options><SelectedOption>Master Bath 1 Hydrorail S K-45906, Hose, FlipSide Head
 K-45425 Chrome</SelectedOption><MasterOptionID>364846</MasterOptionID></Options><Options><SelectedOption>Bath 2 Shower Wall Tile Listello Level 5</SelectedOption><MasterOptionID>333261</MasterOptionID></Options><Options><SelectedOption>Kitchen Whole House Cabinet Hardware Level 3</SelectedOption><MasterOptionID>347848</MasterOptionID></Options><Options><SelectedOption>Bedroom 2 Custom Change Option 1</SelectedOption><MasterOptionID>357228</MasterOptionID></Options><Options><SelectedOption>Interior SGD Verticell Cellular Shades for 8080 SGD</SelectedOption><MasterOptionID>364829</MasterOptionID></Options><Options><SelectedOption>Interior Window Blinds Group 1 Homes Level 2</SelectedOption><MasterOptionID>220128</MasterOptionID></Options><Options><SelectedOption>Master Bath 1 Structural Walk-In Shower/Seat Option</SelectedOption><MasterOptionID>360405</MasterOptionID></Options><Options><SelectedOption>Master Bath 1 Walk In Shower Floor Tile Level 5</SelectedOption><MasterOptionID>360415</MasterOptionID></Options><Options><SelectedOption>Master Bath 1 Walk In Shower Wall Tile Level 5</SelectedOption><MasterOptionID>360410</MasterOptionID></Options><Options><SelectedOption>Flex Elc\Lgt Fan Speed Control</SelectedOption><MasterOptionID>357254</MasterOptionID></Options><Options><SelectedOption>Great Room Elc\Lgt Fan Speed Control</SelectedOption><MasterOptionID>357297</MasterOptionID></Options><Options><SelectedOption>Lanai Elc\Lgt Fan\Light Prewire w\(2) Switches</SelectedOption><MasterOptionID>346396</MasterOptionID></Options><Options><SelectedOption>Great Room Elc\Lgt Recessed Light Regular Flat Trim</SelectedOption><MasterOptionID>357305</MasterOptionID></Options><Options><SelectedOption>Great Room Elc\Lgt Switch Dimmer Single</SelectedOption><MasterOptionID>360329</MasterOptionID></Options><Options><SelectedOption>Great Room Custom Change Option 1</SelectedOption><MasterOptionID>357291</MasterOptionID></Options><Options><SelectedOption>Kitchen Custom Change Option 1</SelectedOption><MasterOptionID>
346255</MasterOptionID></Options><Options><SelectedOption>Laundry GE Dryer Gas GTD65GBS White w/Silver Backsplash</SelectedOption><MasterOptionID>366744</MasterOptionID></Options><Options><SelectedOption>Laundry GE Washer GTW680BS White w/Silver Backsplash</SelectedOption><MasterOptionID>366739</MasterOptionID></Options><Options><SelectedOption>Kitchen Elc\Lgt Under/Over Cabinet Lighting  LED Tape Aragon Kitchen</SelectedOption><MasterOptionID>357955</MasterOptionID></Options><Options><SelectedOption>Bath 2 Elc\Lgt Heat Lamp 200 Watt Single Builb w\(1) Switch</SelectedOption><MasterOptionID>357214</MasterOptionID></Options><Options><SelectedOption>Master Suite 1 Custom Change Option 1</SelectedOption><MasterOptionID>346259</MasterOptionID></Options></GarageOrientation></Phaseplan></Lot><Lot><ID>49137</ID><Block>000</Block><Lot>065</Lot><LotStatus>Closed</LotStatus><LotPremium>30000.00</LotPremium><Phaseplan><MasterPlanID>6631</MasterPlanID><SelectedPlan>Juliana</SelectedPlan><GarageOrientation><SelectedGarageOrientation>Left</SelectedGarageOrientation><Options><SelectedOption>Kitchen Cabinet Hardware</SelectedOption><MasterOptionID>220157</MasterOptionID></Options><Options><SelectedOption>Exterior Elevation A STD</SelectedOption><MasterOptionID>101101101</MasterOptionID></Options><Options><SelectedOption>Kitchen Plumbing Sink SS Bowl Undermount 50\50 STD</SelectedOption><MasterOptionID>359094</MasterOptionID></Options><Options><SelectedOption>Master Bath 1 Plumbing Commode Comfort Height STD</SelectedOption><MasterOptionID>359120</MasterOptionID></Options><Options><SelectedOption>Master Bath 1 Bath TP,Towel Bar Chrome STD</SelectedOption><MasterOptionID>359121</MasterOptionID></Options><Options><SelectedOption>Bath 2 Plumbing Commode Comfort Height STD</SelectedOption><MasterOptionID>359122</MasterOptionID></Options><Options><SelectedOption>Bath 2 Bath TP, Towel Bar Chrome STD</SelectedOption><MasterOptionID>359123</MasterOptionID></Options><Options><SelectedOption>Master Bath 1 Counter Tops Bath V
anity Quartz STD</SelectedOption><MasterOptionID>359259</MasterOptionID></Options><Options><SelectedOption>Master Bath 1 Bath Mirror STD</SelectedOption><MasterOptionID>359265</MasterOptionID></Options><Options><SelectedOption>Bath 2 Counter Tops Bath Vanity Quartz STD</SelectedOption><MasterOptionID>359268</MasterOptionID></Options><Options><SelectedOption>Bath 2 Bath Mirror STD</SelectedOption><MasterOptionID>359274</MasterOptionID></Options><Options><SelectedOption>Lanai Screen Options Screened Lanai on 16" Kick Plate STD</SelectedOption><MasterOptionID>359277</MasterOptionID></Options><Options><SelectedOption>Exterior Door Hardware Arlington Lever STD</SelectedOption><MasterOptionID>359280</MasterOptionID></Options><Options><SelectedOption>Interior Doors and Hardware Interior Door Hardware Antique Brass STD</SelectedOption><MasterOptionID>359282</MasterOptionID></Options><Options><SelectedOption>Exterior Elc\Lgt Lighting Package Exterior STD</SelectedOption><MasterOptionID>359285</MasterOptionID></Options><Options><SelectedOption>Interior Elc\Lgt Lighting Package Interior STD</SelectedOption><MasterOptionID>359286</MasterOptionID></Options><Options><SelectedOption>Exterior Color Scheme Shingles 50 Year Dimensional STD</SelectedOption><MasterOptionID>359289</MasterOptionID></Options><Options><SelectedOption>Interior Drywall Options Square Corners STD</SelectedOption><MasterOptionID>359293</MasterOptionID></Options><Options><SelectedOption>Garage Door 16x7 Solid Door/ Color STD</SelectedOption><MasterOptionID>359296</MasterOptionID></Options><Options><SelectedOption>Bath 2 Tub Wrap Wall Tile Level 1 STD</SelectedOption><MasterOptionID>359352</MasterOptionID></Options><Options><SelectedOption>Kitchen Appliances Garbage Disposal GC2000 PE STD</SelectedOption><MasterOptionID>359576</MasterOptionID></Options><Options><SelectedOption>Bath 2 Flooring Ceramic Tile Level 2</SelectedOption><MasterOptionID>359322</MasterOptionID></Options><Options><SelectedOption>Bedroom 2 Flooring Carpet Level 2</Selected
Option><MasterOptionID>359388</MasterOptionID></Options><Options><SelectedOption>Exterior Color Scheme 50-1</SelectedOption><MasterOptionID>501501501</MasterOptionID></Options><Options><SelectedOption>Exterior Elc\Lgt Coach Lights (2) Premier</SelectedOption><MasterOptionID>359544</MasterOptionID></Options><Options><SelectedOption>Exterior Elevation Landscaping 4 Sided Upgrade</SelectedOption><MasterOptionID>359088</MasterOptionID></Options><Options><SelectedOption>Flex Custom Change Option 1</SelectedOption><MasterOptionID>359508</MasterOptionID></Options><Options><SelectedOption>Flex Elc\Lgt Fan\Light Prewire w\(2) Switches</SelectedOption><MasterOptionID>359516</MasterOptionID></Options><Options><SelectedOption>Flex Room Doors and Hardware DBL French Doors 6080 Full Glass Opt</SelectedOption><MasterOptionID>359279</MasterOptionID></Options><Options><SelectedOption>Flex Room/ Bedroom 3 Carpet Level 2</SelectedOption><MasterOptionID>359408</MasterOptionID></Options><Options><SelectedOption>Great Room Custom Change Option 1</SelectedOption><MasterOptionID>359551</MasterOptionID></Options><Options><SelectedOption>Great Room Elc\Lgt Recessed Light Regular Flat Trim</SelectedOption><MasterOptionID>359565</MasterOptionID></Options><Options><SelectedOption>Great Room Elc\Lgt Switch Single Pole</SelectedOption><MasterOptionID>359568</MasterOptionID></Options><Options><SelectedOption>Great Room Flooring Ceramic Tile Level 2</SelectedOption><MasterOptionID>359439</MasterOptionID></Options><Options><SelectedOption>Hall By Bath 2 Flooring Ceramic Tile Level 2</SelectedOption><MasterOptionID>359446</MasterOptionID></Options><Options><SelectedOption>Interior Door Hardware\Hinges Satin Nickel</SelectedOption><MasterOptionID>359283</MasterOptionID></Options><Options><SelectedOption>Kitchen Cabinets Crown Molding Large Cove  (All Styles)</SelectedOption><MasterOptionID>339227</MasterOptionID></Options><Options><SelectedOption>Kitchen Elc\Lgt Under Cabinet Lighting  LED Tape Juliana Kitchen</SelectedOption><Master
OptionID>359287</MasterOptionID></Options><Options><SelectedOption>Kitchen Opt Wall Oven Combo/36" Cook Top/36" Range Hood</SelectedOption><MasterOptionID>359221</MasterOptionID></Options><Options><SelectedOption>Kitchen Opt WO/CT Cabinets Staggered Level 2 STD</SelectedOption><MasterOptionID>359222</MasterOptionID></Options><Options><SelectedOption>Kitchen Plumbing Faucet Kohler K-596-VS "Simplice" Vibrant Stainless</SelectedOption><MasterOptionID>359105</MasterOptionID></Options><Options><SelectedOption>Kitchen SS Gas Ck Tp 36"WCG51US6OS Hood 36"UXT4236ADS ILO 36" WH PRM</SelectedOption><MasterOptionID>341878</MasterOptionID></Options><Options><SelectedOption>Kitchen Wall Oven/ Microwave Combo WOC54ECOA SS  ILO White PRM</SelectedOption><MasterOptionID>354769</MasterOptionID></Options><Options><SelectedOption>Kitchen/Foyer Flooring Ceramic Tile Level 2</SelectedOption><MasterOptionID>359308</MasterOptionID></Options><Options><SelectedOption>Kitchen\Great Room\Flex Room/Foyer Crown Molding</SelectedOption><MasterOptionID>359577</MasterOptionID></Options><Options><SelectedOption>Kitchen PRM Dishwasher SS WDF520PAD  \ 52 decibel</SelectedOption><MasterOptionID>331273</MasterOptionID></Options><Options><SelectedOption>Lanai Elc\Lgt Fan\Light Prewire w\(2) Switches</SelectedOption><MasterOptionID>346396</MasterOptionID></Options><Options><SelectedOption>Laundry Flooring Ceramic Tile Level 2</SelectedOption><MasterOptionID>359362</MasterOptionID></Options><Options><SelectedOption>Master Bath 1 Plumbing Shower Faucet ALTEO Br Nickel Opt 1</SelectedOption><MasterOptionID>359204</MasterOptionID></Options><Options><SelectedOption>Master Bath 1 Shower Wall Tile Listello Level 4</SelectedOption><MasterOptionID>358515</MasterOptionID></Options><Options><SelectedOption>Master Bath 1 Structural Walk-In Shower/Seat Option</SelectedOption><MasterOptionID>359341</MasterOptionID></Options><Options><SelectedOption>Master Bath 1 Walk In Shower Floor Tile Level 1 STD</SelectedOption><MasterOptionID>359347</MasterOptio
nID></Options><Options><SelectedOption>Master Bath 1 Walk In Shower Wall Tile Level 1 STD</SelectedOption><MasterOptionID>359342</MasterOptionID></Options><Options><SelectedOption>Master Suite 1 Flooring Carpet Level 2</SelectedOption><MasterOptionID>359369</MasterOptionID></Options><Options><SelectedOption>Master Bath 1 Flooring Ceramic Tile Level 2</SelectedOption><MasterOptionID>359315</MasterOptionID></Options><Options><SelectedOption>Interior Window Blinds Group 1 Homes Level 1</SelectedOption><MasterOptionID>220124</MasterOptionID></Options><Options><SelectedOption>Kitchen Opt WO/CT Counter Tops Granite/Quartz 1  STD</SelectedOption><MasterOptionID>359228</MasterOptionID></Options><Options><SelectedOption>Kitchen Wall Tile Back Splash Level 3</SelectedOption><MasterOptionID>339880</MasterOptionID></Options><Options><SelectedOption>Special Promotion Choice Bucks</SelectedOption><MasterOptionID>317055</MasterOptionID></Options><Options><SelectedOption>Special Promotion 1</SelectedOption><MasterOptionID>334662</MasterOptionID></Options><Options><SelectedOption>Kitchen GE Refrigerator PYE22K S/S French Dr 22.1 cuft</SelectedOption><MasterOptionID>366691</MasterOptionID></Options></GarageOrientation></Phaseplan></Lot></Phase></Subdivision></Lots>
